Unnamed: 0,time,load_consumption,temperature,pressure,dew_point,heat_index,humidity,solar_irradiance,uv_index,wind_chill
0,2022-09-06 15:30:00,21553.9,26.4,101558.3,16.6,26.3,47.3,157.1,0.6,26.4
1,2022-09-06 15:35:00,24059,26.2,101557.4,16.6,26.1,48.1,124.1,0.5,26.2
2,2022-09-06 15:40:00,24724.7,26,101555.5,16.6,26,48.7,108.4,0.4,26
3,2022-09-06 15:45:00,25319.3,25.9,101554,16.6,25.9,49.1,112.3,0.4,25.9
4,2022-09-06 15:50:00,23143.4,25.9,101555.8,16.6,25.9,49.4,117.7,0.3,25.9
5,2022-09-06 15:55:00,22588.3,25.8,101556.7,16.7,25.8,49.8,125.5,0.3,25.8
6,2022-09-06 16:00:00,22250.4,25.9,101554.6,16.7,25.9,49.9,99.7,0.2,25.9
7,2022-09-06 16:05:00,23146.4,25.8,101551.3,16.7,25.8,50,91.8,0.2,25.8
8,2022-09-06 16:10:00,22262.8,25.7,101549.5,16.7,25.7,50.5,86,0.2,25.7
9,2022-09-06 16:15:00,22047.3,25.5,101550.4,16.6,25.5,50.9,80.5,0.2,25.5
10,2022-09-06 16:20:00,19552.6,25.3,101551.5,16.5,25.4,51,76.8,0,25.3
11,2022-09-06 16:25:00,22938.1,25.3,101552.4,16.5,25.3,51.1,73.7,0,25.3
12,2022-09-06 16:30:00,22979.3,25.2,101554.2,16.5,25.3,51.5,70.9,0,25.2
13,2022-09-06 16:35:00,23411.1,25.1,101556.2,16.5,25.3,51.6,69,0,25.1
14,2022-09-06 16:40:00,23978.3,25.1,101559.4,16.5,25.2,52,70.8,0,25.1
15,2022-09-06 16:45:00,23821.6,25.1,101559.8,16.6,25.2,52.2,98.3,0,25.1
16,2022-09-06 16:50:00,23129.8,25.1,101556.9,16.6,25.2,51.9,99.1,0,25.1
17,2022-09-06 16:55:00,23449.7,25.1,101555.8,16.6,25.2,51.7,88.1,0,25.1
18,2022-09-06 17:00:00,23325.3,25.2,101555.8,16.7,25.3,51.7,75.3,0,25.2
19,2022-09-06 17:05:00,22259.7,25.2,101555.3,16.6,25.2,51.3,60.9,0,25.2
20,2022-09-06 17:10:00,21502.4,25.2,101555.8,16.7,25.1,51.6,49.9,0,25.2
21,2022-09-06 17:15:00,20862.1,25.1,101557.1,16.7,25,52.2,38.9,0,25.1
22,2022-09-06 17:20:00,22008.9,25,101558,16.8,24.9,52.7,30.3,0,25
23,2022-09-06 17:25:00,22013.5,24.9,101561.4,16.7,24.8,52.7,21.1,0,24.9
24,2022-09-06 17:30:00,21366.1,24.8,101563,16.7,24.8,53.1,11.5,0,24.8
25,2022-09-06 17:35:00,22411.5,24.7,101565,16.7,24.6,53.3,8.9,0,24.7
26,2022-09-06 17:40:00,22361.7,24.6,101565.7,16.6,24.5,53.5,6.3,0,24.6
27,2022-09-06 17:45:00,22355.5,24.4,101568.9,16.4,24.3,53.6,3.4,0,24.4
28,2022-09-06 17:50:00,22793.3,24.2,101571.4,16.6,24.2,55.3,2.8,0,24.2
29,2022-09-06 17:55:00,23523.4,24.1,101575.4,16.5,24,55.5,1.9,0,24.1
30,2022-09-06 18:00:00,25401.2,24,101580.8,16.5,23.9,55.9,1,0,24
31,2022-09-06 18:05:00,25052.5,23.9,101587.2,16.4,23.8,55.9,0,0,23.9
32,2022-09-06 18:10:00,21456.2,23.8,101597.1,16.3,23.7,56.2,0,0,23.8
33,2022-09-06 18:15:00,21577.7,23.7,101605.4,16.4,23.6,56.9,0,0,23.7
34,2022-09-06 18:20:00,21220.1,23.5,101613.6,16.4,23.5,57.3,0,0,23.5
35,2022-09-06 18:25:00,21284.5,23.4,101621.2,16.3,23.3,57.7,0,0,23.4
36,2022-09-06 18:30:00,21503.2,23.3,101630.3,16.2,23.1,57.9,0,0,23.3
37,2022-09-06 18:35:00,21308.8,23.1,101639.3,16.1,23,58.1,0,0,23.1
38,2022-09-06 18:40:00,21081.5,23,101647.4,16.1,22.9,58.3,0,0,23
39,2022-09-06 18:45:00,21351,22.9,101657.8,16,22.7,58.5,0,0,22.9
40,2022-09-06 18:50:00,21701.8,22.8,101668.7,16.1,22.6,59.3,0,0,22.8
41,2022-09-06 18:55:00,24671.8,22.7,101674.5,16,22.5,59.3,0,0,22.7
42,2022-09-06 19:00:00,30190.9,22.6,101677,15.9,22.5,59.3,0,0,22.6
43,2022-09-06 19:05:00,30142.8,22.5,101681.1,15.9,22.4,59.5,0,0,22.5
44,2022-09-06 19:10:00,29388.4,22.4,101685.1,15.9,22.3,60.1,0,0,22.4
45,2022-09-06 19:15:00,30312.6,22.4,101687.2,15.9,22.2,60.5,0,0,22.4
46,2022-09-06 19:20:00,30999.3,22.3,101689.2,16,22.2,61.1,0,0,22.3
47,2022-09-06 19:25:00,30621.5,22.2,101689.9,16,22.1,61.7,0,0,22.2
48,2022-09-06 19:30:00,29897.6,22.1,101688.3,16,22,61.8,0,0,22.1
49,2022-09-06 19:35:00,30743.6,22.1,101685.1,16.1,22,62.3,0,0,22.1
50,2022-09-06 19:40:00,30397.7,22,101686.5,16,21.9,62.3,0,0,22
51,2022-09-06 19:45:00,30970.1,22,101691.7,16,21.9,62.5,0,0,22
52,2022-09-06 19:50:00,31595.6,21.9,101693.9,15.9,21.8,62.5,0,0,21.9
53,2022-09-06 19:55:00,31779.2,21.8,101696.4,15.9,21.7,62.7,0,0,21.8
54,2022-09-06 20:00:00,32535.5,21.8,101700.5,15.9,21.7,62.9,0,0,21.8
55,2022-09-06 20:05:00,31824.8,21.7,101703.4,15.9,21.6,63,0,0,21.7
56,2022-09-06 20:10:00,30183,21.6,101703.9,15.9,21.5,63.3,0,0,21.6
57,2022-09-06 20:15:00,31717.5,21.5,101705.7,15.9,21.4,63.8,0,0,21.5
58,2022-09-06 20:20:00,33621.7,21.4,101704.5,15.8,21.3,64,0,0,21.4
59,2022-09-06 20:25:00,33542.3,21.4,101707.9,15.8,21.2,64.2,0,0,21.4
60,2022-09-06 20:30:00,35975.5,21.3,101710.4,15.7,21.1,64.3,0,0,21.3
61,2022-09-06 20:35:00,35587.9,21.2,101714.3,15.7,21,64.5,0,0,21.2
62,2022-09-06 20:40:00,35956.2,21.1,101715.2,15.7,21,65,0,0,21.1
63,2022-09-06 20:45:00,36441.7,21.1,101714,15.7,20.9,65,0,0,21.1
64,2022-09-06 20:50:00,34762.1,21,101717.2,15.7,20.9,65.4,0,0,21
65,2022-09-06 20:55:00,34909.2,20.9,101716.3,15.7,20.8,65.8,0,0,20.9
66,2022-09-06 21:00:00,32784.1,20.9,101716.5,15.6,20.7,65.9,0,0,20.9
67,2022-09-06 21:05:00,30524.3,20.8,101721.5,15.6,20.7,65.9,0,0,20.8
68,2022-09-06 21:10:00,30578.6,20.8,101724.2,15.6,20.7,65.7,0,0,20.8
69,2022-09-06 21:15:00,30910.9,20.8,101726,15.5,20.6,65.7,0,0,20.8
70,2022-09-06 21:20:00,31971.4,20.7,101726.2,15.5,20.6,65.7,0,0,20.7
71,2022-09-06 21:25:00,31962,20.7,101726.4,15.5,20.5,66.1,0,0,20.7
72,2022-09-06 21:30:00,32301.6,20.6,101730.1,15.5,20.5,66.2,0,0,20.6
73,2022-09-06 21:35:00,31783.7,20.6,101734.3,15.4,20.4,66.1,0,0,20.6
74,2022-09-06 21:40:00,31716.8,20.5,101735.9,15.4,20.4,66.3,0,0,20.5
75,2022-09-06 21:45:00,31293,20.5,101738.9,15.4,20.3,66.6,0,0,20.5
76,2022-09-06 21:50:00,31065.9,20.5,101743.4,15.5,20.3,67,0,0,20.5
77,2022-09-06 21:55:00,31479.7,20.4,101746.8,15.5,20.3,67.1,0,0,20.4
78,2022-09-06 22:00:00,30730.7,20.4,101751.3,15.5,20.2,67.3,0,0,20.4
79,2022-09-06 22:05:00,31013.4,20.3,101755.6,15.4,20.2,67.3,0,0,20.3
80,2022-09-06 22:10:00,31335.6,20.3,101755.3,15.4,20.1,67.5,0,0,20.3
81,2022-09-06 22:15:00,31084.3,20.2,101755.8,15.3,20.1,67.5,0,0,20.2
82,2022-09-06 22:20:00,31782.4,20.2,101756.5,15.3,20,67.6,0,0,20.2
83,2022-09-06 22:25:00,30913.9,20.1,101759,15.3,20,67.7,0,0,20.1
84,2022-09-06 22:30:00,29689.1,20.1,101757.6,15.3,19.9,67.9,0,0,20.1
85,2022-09-06 22:35:00,29654.1,20,101757.4,15.3,19.9,68.2,0,0,20
86,2022-09-06 22:40:00,31890.1,20,101757.4,15.3,19.8,68.3,0,0,20
87,2022-09-06 22:45:00,33911.1,19.9,101756.2,15.2,19.8,68.3,0,0,19.9
88,2022-09-06 22:50:00,32975.2,19.9,101759.2,15.2,19.7,68.5,0,0,19.9
89,2022-09-06 22:55:00,31156.8,19.8,101756.9,15.2,19.6,68.8,0,0,19.8
90,2022-09-06 23:00:00,30423.5,19.8,101755.3,15.1,19.6,68.8,0,0,19.8
91,2022-09-06 23:05:00,29911.4,19.7,101755.8,15.1,19.5,69,0,0,19.7
92,2022-09-06 23:10:00,29664.3,19.7,101755.3,15.1,19.5,69,0,0,19.7
93,2022-09-06 23:15:00,24467.9,19.6,101750.6,15.1,19.5,69.2,0,0,19.6
94,2022-09-06 23:20:00,24024.2,19.6,101751.5,15.1,19.4,69.7,0,0,19.6
95,2022-09-06 23:25:00,24958.2,19.5,101754.4,15,19.4,69.7,0,0,19.5
96,2022-09-06 23:30:00,24306.5,19.5,101752.4,15,19.3,69.7,0,0,19.5
97,2022-09-06 23:35:00,23449.7,19.5,101751.3,15,19.3,69.9,0,0,19.5
98,2022-09-06 23:40:00,24076.9,19.4,101751.3,15,19.2,70,0,0,19.4
99,2022-09-06 23:45:00,24546.4,19.4,101747.4,15,19.2,70.4,0,0,19.4
100,2022-09-06 23:50:00,22391.3,19.4,101747.7,15.1,19.2,71,0,0,19.4
101,2022-09-06 23:55:00,22352.3,19.3,101748.1,15,19.1,70.9,0,0,19.3
102,2022-09-07 0:00:00,22246.9,19.2,101747.7,14.9,19.1,70.8,0,0,19.2
103,2022-09-07 0:05:00,22624.7,19.2,101749,14.9,19,70.9,0,0,19.2
104,2022-09-07 0:10:00,22327.8,19.1,101752.6,14.9,19,71.2,0,0,19.1
105,2022-09-07 0:15:00,23268.9,19.1,101753.3,14.9,18.9,71.3,0,0,19.1
106,2022-09-07 0:20:00,21913,19.1,101749.5,14.9,18.9,71.3,0,0,19.1
107,2022-09-07 0:25:00,21044.2,19,101749.7,14.8,18.8,71.3,0,0,19
108,2022-09-07 0:30:00,21194.1,19,101748.1,14.8,18.8,71.5,0,0,19
109,2022-09-07 0:35:00,21906.7,19,101748.3,14.8,18.8,71.7,0,0,19
110,2022-09-07 0:40:00,21782.6,18.9,101742.5,14.8,18.7,71.7,0,0,18.9
111,2022-09-07 0:45:00,21567.4,18.9,101740.2,14.8,18.7,71.9,0,0,18.9
112,2022-09-07 0:50:00,21389.9,18.9,101740.9,14.8,18.7,72,0,0,18.9
113,2022-09-07 0:55:00,20963.1,18.9,101741.6,14.7,18.7,71.7,0,0,18.9
114,2022-09-07 1:00:00,21180.3,18.8,101745,14.7,18.6,71.7,0,0,18.8
115,2022-09-07 1:05:00,21567.1,18.8,101748.1,14.7,18.6,71.7,0,0,18.8
116,2022-09-07 1:10:00,20893.1,18.8,101747.4,14.7,18.6,71.9,0,0,18.8
117,2022-09-07 1:15:00,20787.9,18.8,101749.7,14.8,18.6,72.2,0,0,18.8
118,2022-09-07 1:20:00,21550.7,18.7,101750.2,14.7,18.5,72.3,0,0,18.7
119,2022-09-07 1:25:00,21597.1,18.7,101749.5,14.7,18.5,72.5,0,0,18.7
120,2022-09-07 1:30:00,21478.8,18.7,101754.9,14.8,18.5,72.7,0,0,18.7
121,2022-09-07 1:35:00,20658.5,18.6,101756.2,14.7,18.5,72.7,0,0,18.6
122,2022-09-07 1:40:00,20447.4,18.6,101757.4,14.7,18.4,72.7,0,0,18.6
123,2022-09-07 1:45:00,19973.9,18.6,101757.4,14.7,18.4,72.7,0,0,18.6
124,2022-09-07 1:50:00,19956.6,18.6,101758.5,14.6,18.4,72.7,0,0,18.6
125,2022-09-07 1:55:00,20243.8,18.5,101761,14.6,18.3,72.7,0,0,18.5
126,2022-09-07 2:00:00,19664.1,18.5,101763.5,14.6,18.3,72.6,0,0,18.5
127,2022-09-07 2:05:00,18803.6,18.5,101762.6,14.5,18.3,72.5,0,0,18.5
128,2022-09-07 2:10:00,18699,18.5,101759.2,14.5,18.3,72.4,0,0,18.5
129,2022-09-07 2:15:00,18656.8,18.5,101757.6,14.5,18.3,72.4,0,0,18.5
130,2022-09-07 2:20:00,18428.3,18.5,101757.8,14.5,18.3,72.6,0,0,18.5
131,2022-09-07 2:25:00,18534.8,18.4,101759.2,14.5,18.2,72.7,0,0,18.4
132,2022-09-07 2:30:00,18177.8,18.4,101757.2,14.5,18.2,72.9,0,0,18.4
133,2022-09-07 2:35:00,18551.4,18.4,101752.2,14.6,18.2,73.3,0,0,18.4
134,2022-09-07 2:40:00,18085.4,18.3,101755.6,14.6,18.1,73.4,0,0,18.3
135,2022-09-07 2:45:00,18048.8,18.3,101753.5,14.5,18.1,73.3,0,0,18.3
136,2022-09-07 2:50:00,18495.7,18.2,101754.2,14.5,18.1,73.6,0,0,18.2
137,2022-09-07 2:55:00,18552.9,18.2,101751.7,14.6,18,73.9,0,0,18.2
138,2022-09-07 3:00:00,18452.2,18.2,101752,14.7,18,74.8,0,0,18.2
139,2022-09-07 3:05:00,17933.1,18.2,101752,14.8,18,75.6,0,0,18.2
140,2022-09-07 3:10:00,17745.5,18.1,101754.2,14.8,17.9,76.2,0,0,18.1
141,2022-09-07 3:15:00,17622.9,18,101754.4,14.8,17.8,76.5,0,0,18
142,2022-09-07 3:20:00,17790.4,17.9,101754.7,14.8,17.8,77.3,0,0,17.9
143,2022-09-07 3:25:00,17922.2,17.9,101755.3,14.8,17.7,77.3,0,0,17.9
144,2022-09-07 3:30:00,18064.6,17.8,101753.8,14.6,17.6,76.9,0,0,17.8
145,2022-09-07 3:35:00,17633.1,17.7,101755.3,14.5,17.6,76.6,0,0,17.7
146,2022-09-07 3:40:00,17890.1,17.7,101760.3,14.6,17.6,77.3,0,0,17.7
147,2022-09-07 3:45:00,18175.5,17.7,101759.2,14.7,17.6,77.9,0,0,17.7
148,2022-09-07 3:50:00,17689.4,17.7,101756.9,14.7,17.5,77.9,0,0,17.7
149,2022-09-07 3:55:00,17574.2,17.7,101761.4,14.6,17.5,77.8,0,0,17.7
150,2022-09-07 4:00:00,17603.3,17.7,101764.4,14.7,17.5,77.9,0,0,17.7
151,2022-09-07 4:05:00,17668.7,17.6,101763.5,14.7,17.5,78.1,0,0,17.6
152,2022-09-07 4:10:00,17873.1,17.6,101766.4,14.7,17.5,78.3,0,0,17.6
153,2022-09-07 4:15:00,17770.4,17.6,101769.8,14.6,17.4,78.3,0,0,17.6
154,2022-09-07 4:20:00,17885.8,17.5,101771.1,14.6,17.4,78.4,0,0,17.5
155,2022-09-07 4:25:00,17854,17.5,101773,14.6,17.3,78.7,0,0,17.5
156,2022-09-07 4:30:00,17706.8,17.4,101777.2,14.6,17.3,78.7,0,0,17.4
157,2022-09-07 4:35:00,17450.1,17.4,101774.5,14.5,17.2,78.8,0,0,17.4
158,2022-09-07 4:40:00,17475.5,17.4,101774.1,14.5,17.2,78.7,1.7,0,17.4
159,2022-09-07 4:45:00,17246.7,17.3,101777.2,14.5,17.2,78.7,2.7,0,17.3
160,2022-09-07 4:50:00,17116.2,17.3,101778.6,14.5,17.2,78.7,4.4,0,17.3
161,2022-09-07 4:55:00,17373.6,17.3,101779.3,14.5,17.2,78.7,6.3,0,17.1
162,2022-09-07 5:00:00,17511.9,17.3,101783.1,14.4,17.2,78.5,8.2,0,17.2
163,2022-09-07 5:05:00,18497.6,17.2,101785.8,14.3,17,78.7,10.2,0,17.2
164,2022-09-07 5:10:00,18344,17.2,101789.7,14.3,17,78.9,12.3,0,17.2
165,2022-09-07 5:15:00,19063,17.2,101793,14.3,17,78.7,15.6,0,17.2
166,2022-09-07 5:20:00,18199,17.2,101798.2,14.3,17.1,78.6,19.5,0,17.2
167,2022-09-07 5:25:00,18128.7,17.3,101799.4,14.3,17.1,78.3,23.5,0,17.3
168,2022-09-07 5:30:00,17806.6,17.3,101799.8,14.4,17.2,78,29.4,0,17.3
169,2022-09-07 5:35:00,18111.6,17.4,101799.4,14.4,17.2,77.8,35.3,0,17.4
170,2022-09-07 5:40:00,21939.1,17.4,101802.8,14.3,17.3,77.2,44.9,0,17.4
171,2022-09-07 5:45:00,22045.4,17.5,101802.1,14.4,17.4,76.7,51.1,0,17.5
172,2022-09-07 5:50:00,21237.4,17.6,101799.1,14.4,17.4,76.4,59.1,0,17.6
173,2022-09-07 5:55:00,21546.1,17.7,101795.5,14.4,17.5,75.9,63.5,0.1,17.7
174,2022-09-07 6:00:00,21875.5,17.8,101796,14.5,17.6,75.6,99.7,0.5,17.8
175,2022-09-07 6:05:00,21726.6,18.3,101792.6,14.5,17.7,75.4,81.7,0.2,18.3
176,2022-09-07 6:10:00,22186.5,18.6,101794.4,14.9,18.4,73.5,117.5,0.3,18.6
177,2022-09-07 6:15:00,22276.3,18.8,101794.6,15,18.6,73,149.7,0.4,18.8
178,2022-09-07 6:20:00,23606.9,19,101794.2,15,18.9,72,159.5,0.5,19
179,2022-09-07 6:25:00,24107.9,19.3,101796,15.1,19.1,71,167.3,0.5,19.3
180,2022-09-07 6:30:00,24951.6,19.5,101797.3,15.2,19.4,70.1,161.8,0.5,19.5
181,2022-09-07 6:35:00,25499.9,19.7,101798.9,15.3,19.6,69.5,143.1,0.6,19.7
182,2022-09-07 6:40:00,25200.1,19.9,101797.6,15.3,19.7,68.9,149.7,0.8,19.9
183,2022-09-07 6:45:00,24126.3,20,101795.8,15.4,19.8,68.8,157.4,0.8,20
184,2022-09-07 6:50:00,23250.5,20,101794.9,15.4,19.8,68.7,165.5,0.8,20
185,2022-09-07 6:55:00,22120,20,101789.4,15.4,19.9,68.6,171.9,0.9,20
186,2022-09-07 7:00:00,20867.1,20.1,101780.9,15.4,19.9,68.3,177.3,0.9,20.1
187,2022-09-07 7:05:00,21385.4,20.1,101778.1,15.4,20,68,201.1,1,20.1
188,2022-09-07 7:10:00,21045.7,20.2,101780,15.5,20.1,67.8,272.3,1.2,20.2
189,2022-09-07 7:15:00,21438.2,20.5,101783.3,15.5,20.3,67,295.6,1.3,20.5
190,2022-09-07 7:20:00,20890.7,20.8,101782,15.6,20.7,65.7,308.4,1.3,20.8
191,2022-09-07 7:25:00,20031.2,21.2,101781.8,15.7,21.1,64.1,322.2,1.4,21.2
192,2022-09-07 7:30:00,20441,21.6,101784,15.9,21.4,63.3,340,1.5,21.6
193,2022-09-07 7:35:00,22083,21.9,101784.9,16,21.8,61.9,366,1.6,21.9
194,2022-09-07 7:40:00,22150.8,22.3,101787.4,15.9,22.1,60.2,377.7,1.7,22.3
195,2022-09-07 7:45:00,20981.1,22.6,101791.7,16.1,22.4,59.8,384.5,1.8,22.6
196,2022-09-07 7:50:00,20645,22.9,101795.1,16.2,22.8,58.8,395.1,1.8,22.9
197,2022-09-07 7:55:00,20424.6,23.2,101793.3,16.2,23.1,57.3,377,1.8,23.2
198,2022-09-07 8:00:00,20585.4,23.4,101796,16.2,23.3,56.3,379.3,1.8,23.4
199,2022-09-07 8:05:00,19473.4,23.7,101797.3,16.3,23.6,55.7,397.7,1.9,23.7
200,2022-09-07 8:10:00,20061.2,23.9,101797.6,16.3,23.8,55.3,427.3,2.1,23.9
201,2022-09-07 8:15:00,19761,24.1,101800.7,16.2,24,53.8,447,2.2,24.1
202,2022-09-07 8:20:00,20427.3,24.4,101804.3,16.4,24.3,53.3,478.1,2.3,24.4
203,2022-09-07 8:25:00,20806.3,24.7,101804.6,16.5,24.6,53.1,511.1,2.5,24.7
204,2022-09-07 8:30:00,20394.3,24.9,101802.8,16.3,24.7,51.3,521.5,2.6,24.9
205,2022-09-07 8:35:00,19451.5,25,101798.9,16.3,24.8,51.2,537.6,2.7,25
206,2022-09-07 8:40:00,19951.6,25.1,101791.2,16.4,25,50.8,515.5,2.7,25.1
207,2022-09-07 8:45:00,20495.3,25.3,101790.6,16.5,25.2,50.5,541.6,2.8,25.3
208,2022-09-07 8:50:00,20289.3,25.4,101790.3,16.4,25.3,49.6,524,2.8,25.4
209,2022-09-07 8:55:00,19728.1,25.5,101789.2,16.3,25.4,49.1,544.6,2.9,25.5
210,2022-09-07 9:00:00,20878.3,25.6,101787.2,16.3,25.4,49.1,574,3.1,25.6
211,2022-09-07 9:05:00,22278.6,25.7,101785.4,16.5,25.7,48.9,548.1,3,25.7
212,2022-09-07 9:10:00,22027.4,26,101786.7,16.4,25.9,47.9,577.8,3.2,26
213,2022-09-07 9:15:00,21193.6,26.1,101785.4,16.5,26,47.7,591.5,3.2,26.1
214,2022-09-07 9:20:00,22218.6,26.2,101788.3,16.5,26.1,47.5,570.3,3.2,26.2
215,2022-09-07 9:25:00,23030.7,26.3,101787.4,16.4,26.2,46.7,583.5,3.2,26.3
216,2022-09-07 9:30:00,23901.6,26.5,101788.5,16.3,26.3,45.9,573.4,3.2,26.5
217,2022-09-07 9:35:00,24488.9,26.6,101791.2,16.5,26.4,46,662.3,3.6,26.6
218,2022-09-07 9:40:00,22840.6,26.7,101783.6,16.5,26.5,45.8,674.3,3.7,26.7
219,2022-09-07 9:45:00,23175.3,26.8,101777.2,16.5,26.8,45.5,697.6,3.9,26.8
220,2022-09-07 9:50:00,23303.3,27,101775.9,16.6,27,45.3,678.9,3.8,27
221,2022-09-07 9:55:00,23147.6,27.1,101777.7,16.6,27.1,44.7,672.7,3.8,27.1
222,2022-09-07 10:00:00,22725.9,27,101776.8,16.5,27,44.5,694,4,27
223,2022-09-07 10:05:00,23467.1,27,101777,16.6,27,45.1,716.9,4,27
224,2022-09-07 10:10:00,23695.7,27.2,101773.9,16.6,27.1,44.7,716.8,4.1,27.2
225,2022-09-07 10:15:00,24817.8,27.3,101770.9,16.7,27.3,44.2,717.9,4.1,27.3
226,2022-09-07 10:20:00,24384.9,27.4,101765.3,16.8,27.4,44.5,739.8,4.2,27.4
227,2022-09-07 10:25:00,24931.4,27.4,101767.5,16.8,27.4,44.1,736.4,4.2,27.4
228,2022-09-07 10:30:00,23620.8,27.3,101770.7,16.5,27.3,43.5,737.9,4.2,27.3
229,2022-09-07 10:35:00,24317.8,27.2,101769.8,16.8,27.3,44.6,662.5,3.9,27.2
230,2022-09-07 10:40:00,24121,27.2,101770.2,16.7,27.3,44.2,684.6,4.1,27.2
231,2022-09-07 10:45:00,24232.9,27.3,101764.4,16.7,27.3,44.1,717.5,4.1,27.3
232,2022-09-07 10:50:00,23599.6,27.4,101757.6,16.6,27.4,43.5,754.9,4.3,27.4
233,2022-09-07 10:55:00,24828.1,27.5,101756.5,16.7,27.6,43.3,741.3,4.2,27.5
234,2022-09-07 11:00:00,24929.6,27.7,101754.7,16.9,27.8,43.5,686.6,3.9,27.7
235,2022-09-07 11:05:00,25124.7,27.7,101747,16.9,27.8,43.5,696.6,4,27.7
236,2022-09-07 11:10:00,25460.2,27.6,101747.2,16.8,27.6,43.4,659.6,3.9,27.6
237,2022-09-07 11:15:00,25140.3,27.5,101743.8,16.7,27.5,43.7,631,3.7,27.5
238,2022-09-07 11:20:00,25135.7,27.5,101742.3,16.8,27.6,43.9,657.6,3.8,27.5
239,2022-09-07 11:25:00,25132.6,27.7,101745.9,16.9,27.7,43.7,687,3.9,27.7
240,2022-09-07 11:30:00,24495.3,28,101747.7,17,28,43,721.3,4,28
241,2022-09-07 11:35:00,24450.5,28.1,101746.5,16.8,28,41.8,704.3,3.9,28.1
242,2022-09-07 11:40:00,24257.7,28.2,101745.2,16.9,28.1,41.9,642.5,3.7,28.2
243,2022-09-07 11:45:00,23769.3,28.3,101742.5,16.9,28.2,41.7,638,3.7,28.3
244,2022-09-07 11:50:00,22919.8,28.4,101735.9,16.9,28.2,41.8,725.1,4,28.4
245,2022-09-07 11:55:00,24968.1,28.5,101731.9,16.8,28.3,41.1,695.3,3.9,28.5
246,2022-09-07 12:00:00,24175.1,28.5,101729.2,16.7,28.3,40.7,731.3,4,28.5
247,2022-09-07 12:05:00,24309.8,28.4,101725.3,16.7,28.2,40.7,702.7,3.9,28.4
248,2022-09-07 12:10:00,25077.3,28.4,101717.6,16.7,28.2,40.7,705.1,3.8,28.4
249,2022-09-07 12:15:00,24845.3,28.3,101715.8,16.6,28.1,40.9,677.2,3.7,28.3
250,2022-09-07 12:20:00,23150.1,28.4,101707.7,16.7,28.2,40.6,626.6,3.5,28.4
251,2022-09-07 12:25:00,24459.8,28.5,101701.6,16.6,28.3,40.2,616.9,3.4,28.5
252,2022-09-07 12:30:00,24032,28.6,101697.3,16.4,28.2,39.5,620.8,3.4,28.6
253,2022-09-07 12:35:00,24687.4,28.7,101693.3,16.4,28.3,39.2,623.5,3.4,28.7
254,2022-09-07 12:40:00,23267.6,28.7,101686.7,16.4,28.3,38.9,620.1,3.3,28.7
255,2022-09-07 12:45:00,23157.6,28.7,101680.8,16.6,28.4,39.6,607.2,3.2,28.7
256,2022-09-07 12:50:00,23588.8,28.7,101678.6,16.5,28.4,39.3,602.6,3.1,28.7
257,2022-09-07 12:55:00,24212.7,28.8,101676.6,16.6,28.4,39.3,622.5,3.2,28.8
258,2022-09-07 13:00:00,22844.7,28.8,101672.5,16.5,28.4,38.9,615.6,3.1,28.8
259,2022-09-07 13:05:00,21932.2,28.8,101670.7,16.5,28.4,38.8,624.1,3.2,28.8
260,2022-09-07 13:10:00,22897.7,28.9,101663,16.5,28.5,38.8,603.3,3,28.9
261,2022-09-07 13:15:00,26066.6,28.9,101659.6,16.4,28.4,38.3,578.5,2.9,28.9
262,2022-09-07 13:20:00,23923.3,29,101654.7,16.4,28.5,38.1,629.2,3,29
263,2022-09-07 13:25:00,23996.9,29.1,101650.4,16.3,28.6,37.8,645.1,3,29.1
264,2022-09-07 13:30:00,24882.6,29.1,101645.2,16.4,28.6,37.8,605.6,2.8,29.1
265,2022-09-07 13:35:00,24463.9,29,101638,16.2,28.5,37.6,580.1,2.8,29
266,2022-09-07 13:40:00,24339.1,28.8,101632.5,16.3,28.4,38.1,557.5,2.6,28.8
267,2022-09-07 13:45:00,23916.5,29,101624.4,16.5,28.5,38.4,509.8,2.4,29
268,2022-09-07 13:50:00,23727.3,29,101619.2,16.5,28.6,38.4,575.3,2.6,29
269,2022-09-07 13:55:00,23791.2,29,101611.1,16.5,28.5,38.4,581.1,2.5,29
270,2022-09-07 14:00:00,24504.2,29,101602.7,16.5,28.6,38.3,550.5,2.3,29
271,2022-09-07 14:05:00,24024.8,29.1,101598.7,16.5,28.6,38.1,544.5,2.3,29.1
272,2022-09-07 14:10:00,23757.5,29.2,101599.6,16.5,28.7,37.7,524.6,2.2,29.2
273,2022-09-07 14:15:00,24778.2,29.2,101601.6,16.4,28.7,37.7,497.3,2.1,29.2
274,2022-09-07 14:20:00,23855.2,29,101602.3,16.4,28.5,37.7,436.5,1.9,29
275,2022-09-07 14:25:00,23579.2,28.9,101603.2,16.3,28.4,38,427.9,1.9,28.9
276,2022-09-07 14:30:00,23418.9,28.8,101601.6,16.3,28.3,38.2,423.2,1.8,28.8
277,2022-09-07 14:35:00,22801.1,28.8,101599.8,16.3,28.4,38.3,436.5,1.8,28.8
278,2022-09-07 14:40:00,23393.8,28.9,101597.8,16.3,28.4,37.8,419.4,1.7,28.9
279,2022-09-07 14:45:00,23368.5,28.9,101601.4,16.2,28.4,37.7,390.3,1.5,28.9
280,2022-09-07 14:50:00,23587.2,28.7,101602.1,16.2,28.2,38.1,366.6,1.4,28.7
281,2022-09-07 14:55:00,23971.7,28.5,101600.2,16.2,28.1,38.6,363.3,1.4,28.5
282,2022-09-07 15:00:00,25191.3,28.4,101598,16.2,28,39.1,360.7,1.3,28.4
283,2022-09-07 15:05:00,26899,28.4,101597.1,16.3,28,39.2,330.4,1.2,28.4
284,2022-09-07 15:10:00,25043.1,28.5,101594.2,16.3,28.1,39,326.3,1.2,28.5
285,2022-09-07 15:15:00,24416.3,28.6,101590.5,16.3,28.1,38.8,323.2,1.2,28.6
286,2022-09-07 15:20:00,25573.8,28.6,101589.6,16.2,28.1,38.7,306.7,1.1,28.6
287,2022-09-07 15:25:00,25375.8,28.5,101589,16.2,28.1,38.6,288.8,0.9,28.5
288,2022-09-07 15:30:00,25940,28.4,101589.4,16.1,28,38.9,269.3,0.8,28.4
289,2022-09-07 15:35:00,26231.5,28.3,101587.8,16.1,27.9,39.2,261.4,0.8,28.3
290,2022-09-07 15:40:00,27268,28.3,101585.3,16.2,28,39.5,246.9,0.7,28.3
291,2022-09-07 15:45:00,25573.5,28.4,101585.1,16.2,28,39.3,237.4,0.7,28.4
292,2022-09-07 15:50:00,25871.3,28.4,101582.6,16.2,28,39.3,226.5,0.6,28.4
293,2022-09-07 15:55:00,25858,28.4,101579.9,16.2,28,39.3,226.8,0.6,28.4
294,2022-09-07 16:00:00,25231.7,28.3,101575.4,16.2,28,39.7,231.1,0.5,28.3
295,2022-09-07 16:05:00,24613,28.3,101571.1,16.2,28,39.5,215.2,0.5,28.3
296,2022-09-07 16:10:00,25133.3,28.3,101569.1,16.2,27.9,39.3,197.7,0.5,28.3
297,2022-09-07 16:15:00,24556.2,28.3,101567.3,16.1,27.9,39.2,180.2,0.4,28.3
298,2022-09-07 16:20:00,24137.6,28.2,101569.8,16.1,27.9,39.5,155.5,0.4,28.2
299,2022-09-07 16:25:00,25197,28.1,101572,16,27.7,39.6,142.9,0.3,28.1
300,2022-09-07 16:30:00,24975.4,27.9,101568.6,16.1,27.6,40.2,128.1,0.2,27.9
301,2022-09-07 16:35:00,25041.3,27.9,101566.8,16,27.6,40.2,114.4,0.2,27.9
302,2022-09-07 16:40:00,24017.3,27.8,101568.4,15.9,27.6,40.1,99.9,0.1,27.8
303,2022-09-07 16:45:00,25779,27.8,101566.6,15.9,27.5,40.1,87.5,0,27.8
304,2022-09-07 16:50:00,25499.5,27.6,101564.1,15.8,27.4,40.1,78.1,0,27.6
305,2022-09-07 16:55:00,24429.6,27.4,101563.5,15.7,27.2,40.3,68.1,0,27.4
306,2022-09-07 17:00:00,24079.2,27.3,101561,15.5,27.1,40.3,58,0,27.3
307,2022-09-07 17:05:00,23203.7,27.2,101559.8,15.7,27,41.1,48.3,0,27.2
308,2022-09-07 17:10:00,23594.7,27.1,101559.4,15.9,27,42.1,40.4,0,27.1
309,2022-09-07 17:15:00,23650.1,27,101560.3,15.8,26.9,42.1,32.6,0,27
310,2022-09-07 17:20:00,23961.9,26.9,101561.2,15.7,26.7,42.3,24.2,0,26.9
311,2022-09-07 17:25:00,23895.5,26.7,101563.7,15.8,26.5,43.1,16.9,0,26.7
312,2022-09-07 17:30:00,24024.7,26.5,101564.4,16.2,26.4,45.1,11.8,0,26.5
313,2022-09-07 17:35:00,23107.6,26.3,101566.2,16.3,26.2,46.3,9.3,0,26.3
314,2022-09-07 17:40:00,25344.4,26.1,101568.2,16.4,26.1,46.8,6.9,0,26.1
315,2022-09-07 17:45:00,24023.6,26,101567.3,16.2,25.9,46.9,4.7,0,26
316,2022-09-07 17:50:00,23800.2,25.8,101567.5,16.1,25.7,47.2,3,0,25.8
317,2022-09-07 17:55:00,23470.9,25.6,101568.2,16.1,25.5,47.6,1.9,0,25.6
318,2022-09-07 18:00:00,24541.2,25.4,101567.1,16,25.2,47.9,0.3,0,25.4
319,2022-09-07 18:05:00,25300.7,25.2,101566.6,15.8,25,47.7,0,0,25.2
320,2022-09-07 18:10:00,25071.9,25.1,101569.8,15.7,24.9,47.8,0,0,25.1
321,2022-09-07 18:15:00,24361.4,24.9,101577.9,15.8,24.8,48.7,0,0,24.9
322,2022-09-07 18:20:00,23328.7,24.8,101586.5,16,24.6,50.1,0,0,24.8
323,2022-09-07 18:25:00,22902.8,24.7,101594.2,16,24.5,50.5,0,0,24.7
324,2022-09-07 18:30:00,23907,24.5,101599.6,15.9,24.4,50.9,0,0,24.5
325,2022-09-07 18:35:00,23223.6,24.4,101604.5,15.9,24.2,51.3,0,0,24.4
326,2022-09-07 18:40:00,25156.2,24.2,101609.5,16,24.1,52,0,0,24.2
327,2022-09-07 18:45:00,29131.6,24.1,101617.6,15.9,24,52.3,0,0,24.1
328,2022-09-07 18:50:00,28718.8,24,101621.5,16,23.9,53,0,0,24
329,2022-09-07 18:55:00,28411.8,23.9,101626.7,16.1,23.8,53.7,0,0,23.9
330,2022-09-07 19:00:00,29441,23.8,101631.6,16,23.6,54.1,0,0,23.8
331,2022-09-07 19:05:00,28881.9,23.6,101639.1,16,23.5,54.6,0,0,23.6
332,2022-09-07 19:10:00,28116.1,23.5,101641.8,16,23.4,55.1,0,0,23.5
333,2022-09-07 19:15:00,28122.2,23.4,101643.1,15.9,23.2,55.1,0,0,23.4
334,2022-09-07 19:20:00,28983.9,23.3,101646.3,15.9,23.1,55.3,0,0,23.3
335,2022-09-07 19:25:00,28322.8,23.2,101649.5,15.8,23,55.7,0,0,23.2
336,2022-09-07 19:30:00,29390.5,23.1,101652.6,15.9,22.9,56.5,0,0,23.1
337,2022-09-07 19:35:00,28728.3,23,101654.9,15.9,22.8,57,0,0,23
338,2022-09-07 19:40:00,30412.7,22.9,101657.1,15.9,22.7,57.2,0,0,22.9
339,2022-09-07 19:45:00,32907.3,22.8,101660.8,15.8,22.7,57,0,0,22.8
340,2022-09-07 19:50:00,33503.5,22.7,101666.4,15.7,22.6,57,0,0,22.7
341,2022-09-07 19:55:00,33164.3,22.7,101671.4,15.7,22.5,57.3,0,0,22.7
342,2022-09-07 20:00:00,34127.4,22.6,101674.3,15.6,22.4,56.9,0,0,22.6
343,2022-09-07 20:05:00,34738.5,22.5,101675.9,15.5,22.3,57.1,0,0,22.5
344,2022-09-07 20:10:00,34937.7,22.4,101681.1,15.4,22.2,57.2,0,0,22.4
345,2022-09-07 20:15:00,34175.7,22.3,101686.5,15.5,22.1,57.7,0,0,22.3
346,2022-09-07 20:20:00,35943.4,22.2,101687.8,15.5,22,58.1,0,0,22.2
347,2022-09-07 20:25:00,37253,22.1,101688.7,15.5,21.9,58.5,0,0,22.1
348,2022-09-07 20:30:00,37266.6,22.1,101689.4,15.5,21.9,58.7,0,0,22.1
349,2022-09-07 20:35:00,35569.8,22,101685.6,15.5,21.8,59.1,0,0,22
350,2022-09-07 20:40:00,35516.4,22,101687.8,15.6,21.8,59.6,0,0,22
351,2022-09-07 20:45:00,34569.8,21.9,101686.3,15.6,21.8,60.1,0,0,21.9
352,2022-09-07 20:50:00,36074.5,21.9,101687.6,15.5,21.7,60,0,0,21.9
353,2022-09-07 20:55:00,35800.2,21.8,101688.5,15.6,21.7,60.4,0,0,21.8
354,2022-09-07 21:00:00,35931.2,21.8,101691.7,15.6,21.6,60.7,0,0,21.8
355,2022-09-07 21:05:00,36322.1,21.7,101694.4,15.6,21.6,60.9,0,0,21.7
356,2022-09-07 21:10:00,35054,21.7,101694.8,15.6,21.5,61,0,0,21.7
357,2022-09-07 21:15:00,35768.4,21.6,101698.9,15.5,21.5,61,0,0,21.6
358,2022-09-07 21:20:00,34653.5,21.6,101698.5,15.6,21.4,61.4,0,0,21.6
359,2022-09-07 21:25:00,34464.5,21.5,101704.5,15.5,21.3,61.6,0,0,21.5
360,2022-09-07 21:30:00,34667.7,21.5,101706.4,15.5,21.3,61.6,0,0,21.5
361,2022-09-07 21:35:00,35488.4,21.4,101708.8,15.4,21.2,61.7,0,0,21.4
362,2022-09-07 21:40:00,35633.4,21.3,101712,15.4,21.1,61.7,0,0,21.3
363,2022-09-07 21:45:00,33154.2,21.3,101712.9,15.4,21.1,62.1,0,0,21.3
364,2022-09-07 21:50:00,33212.3,21.2,101713.4,15.4,21,62.6,0,0,21.2
365,2022-09-07 21:55:00,33172.2,21.1,101715.6,15.4,21,63,0,0,21.1
366,2022-09-07 22:00:00,34013,21.1,101714.7,15.4,20.9,63.1,0,0,21.1
367,2022-09-07 22:05:00,33557.6,21,101714.3,15.4,20.8,63.3,0,0,21
368,2022-09-07 22:10:00,32876.9,21,101714.3,15.3,20.8,63.3,0,0,21
369,2022-09-07 22:15:00,33768,20.9,101711.3,15.3,20.7,63.4,0,0,20.9
370,2022-09-07 22:20:00,33919,20.8,101712.7,15.3,20.6,63.9,0,0,20.8
371,2022-09-07 22:25:00,32817.9,20.8,101715.4,15.3,20.6,64,0,0,20.8
372,2022-09-07 22:30:00,33559,20.7,101717,15.3,20.5,64.3,0,0,20.7
373,2022-09-07 22:35:00,34035.4,20.7,101715.6,15.2,20.5,64.3,0,0,20.7
374,2022-09-07 22:40:00,35039,20.6,101718.3,15.3,20.4,64.7,0,0,20.6
375,2022-09-07 22:45:00,33737.4,20.6,101724,15.2,20.4,64.8,0,0,20.6
376,2022-09-07 22:50:00,33523.5,20.5,101723.7,15.2,20.3,64.9,0,0,20.5
377,2022-09-07 22:55:00,33174.3,20.5,101727.6,15.2,20.3,65.3,0,0,20.5
378,2022-09-07 23:00:00,33626.8,20.4,101729.8,15.2,20.2,65.3,0,0,20.4
379,2022-09-07 23:05:00,33954.2,20.4,101731.6,15.2,20.2,65.5,0,0,20.4
380,2022-09-07 23:10:00,32983.9,20.3,101734.1,15.2,20.1,66,0,0,20.3
381,2022-09-07 23:15:00,32903.1,20.3,101734.6,15.2,20.1,66,0,0,20.3
382,2022-09-07 23:20:00,34782.9,20.2,101738.4,15.1,20,66.1,0,0,20.2
383,2022-09-07 23:25:00,34826.4,20.2,101741.1,15.2,20,66.5,0,0,20.2
384,2022-09-07 23:30:00,34380.6,20.1,101742,15.2,19.9,66.7,0,0,20.1
385,2022-09-07 23:35:00,32700.5,20.1,101742,15.1,19.9,66.7,0,0,20.1
386,2022-09-07 23:40:00,27878,20,101738.4,15.1,19.8,66.7,0,0,20
387,2022-09-07 23:45:00,26431.7,20,101738.6,15.1,19.8,67,0,0,20
388,2022-09-07 23:50:00,26462.8,19.9,101735.9,15,19.7,67.1,0,0,19.9
389,2022-09-07 23:55:00,28505.6,19.9,101737.3,15.1,19.7,67.5,0,0,19.9
390,2022-09-08 0:00:00,28666.9,19.8,101737.7,15,19.6,67.6,0,0,19.8
391,2022-09-08 0:05:00,27790.1,19.8,101735,15,19.6,67.9,0,0,19.8
392,2022-09-08 0:10:00,26996.7,19.7,101732.3,14.9,19.5,67.7,0,0,19.7
393,2022-09-08 0:15:00,26785.3,19.7,101730.5,14.9,19.5,67.8,0,0,19.7
394,2022-09-08 0:20:00,26672,19.6,101726.4,14.9,19.4,68,0,0,19.6
395,2022-09-08 0:25:00,26635,19.6,101724.6,14.9,19.4,68,0,0,19.6
396,2022-09-08 0:30:00,26349.8,19.6,101726,14.9,19.4,68,0,0,19.6
397,2022-09-08 0:35:00,27650.9,19.6,101726.4,14.9,19.4,68.1,0,0,19.6
398,2022-09-08 0:40:00,27150.8,19.6,101726,14.9,19.4,68.3,0,0,19.6
399,2022-09-08 0:45:00,27822.6,19.6,101726.7,14.9,19.4,68.3,0,0,19.6
400,2022-09-08 0:50:00,26971.8,19.6,101724.2,14.9,19.4,68.3,0,0,19.6
401,2022-09-08 0:55:00,25654.2,19.6,101723.1,14.9,19.3,68,0,0,19.6
402,2022-09-08 1:00:00,25924.9,19.6,101717.4,14.9,19.3,68,0,0,19.6
403,2022-09-08 1:05:00,26014.6,19.6,101715.4,14.9,19.4,68.2,0,0,19.6
404,2022-09-08 1:10:00,25896.1,19.6,101714,14.9,19.3,68.3,0,0,19.6
405,2022-09-08 1:15:00,25679.5,19.5,101712.7,14.9,19.3,68.6,0,0,19.5
406,2022-09-08 1:20:00,25471,19.5,101713.4,14.9,19.3,68.7,0,0,19.5
407,2022-09-08 1:25:00,25967.2,19.5,101722.8,14.9,19.3,68.5,0,0,19.5
408,2022-09-08 1:30:00,24503.6,19.5,101722.4,14.9,19.3,68.3,0,0,19.5
409,2022-09-08 1:35:00,24589.1,19.5,101721,14.9,19.3,68.3,0,0,19.5
410,2022-09-08 1:40:00,24237.8,19.5,101719.4,14.9,19.3,68.3,0,0,19.5
411,2022-09-08 1:45:00,24457.8,19.5,101717.6,14.9,19.3,68.3,0,0,19.5
412,2022-09-08 1:50:00,23927.5,19.5,101714.7,14.9,19.3,68.5,0,0,19.5
413,2022-09-08 1:55:00,24339.2,19.5,101714.9,14.9,19.2,68.7,0,0,19.5
414,2022-09-08 2:00:00,24286.9,19.4,101715.2,14.8,19.2,68.7,0,0,19.4
415,2022-09-08 2:05:00,24502.5,19.4,101714.9,14.9,19.2,69.1,0,0,19.4
416,2022-09-08 2:10:00,23636.9,19.4,101708.2,14.9,19.2,69.1,0,0,19.4
417,2022-09-08 2:15:00,23791.3,19.4,101706.8,14.9,19.2,69.2,0,0,19.4
418,2022-09-08 2:20:00,24520.7,19.3,101703.4,14.9,19.1,69.3,0,0,19.3
419,2022-09-08 2:25:00,24576.5,19.3,101699.6,14.9,19.1,69.3,0,0,19.3
420,2022-09-08 2:30:00,23670.7,19.3,101694.8,14.8,19.1,69.1,0,0,19.3
421,2022-09-08 2:35:00,23840.1,19.3,101695.5,14.8,19.1,69.1,0,0,19.3
422,2022-09-08 2:40:00,24015.2,19.3,101693.9,14.8,19.1,69.1,0,0,19.3
423,2022-09-08 2:45:00,24394.5,19.2,101694.8,14.8,19,69.1,0,0,19.2
424,2022-09-08 2:50:00,23697.2,19.3,101691,14.7,19,69,0,0,19.3
425,2022-09-08 2:55:00,23963.2,19.3,101693.9,14.8,19,69.3,0,0,19.3
426,2022-09-08 3:00:00,23937.7,19.3,101692.6,14.8,19,69.3,0,0,19.3
427,2022-09-08 3:05:00,24170.6,19.2,101687.2,14.8,19,69.4,0,0,19.2
428,2022-09-08 3:10:00,24375.3,19.2,101685.6,14.7,19,69.4,0,0,19.2
429,2022-09-08 3:15:00,23479,19.1,101686.3,14.8,18.9,69.8,0,0,19.1
430,2022-09-08 3:20:00,23458.6,19.1,101684.7,14.8,18.9,70.1,0,0,19.1
431,2022-09-08 3:25:00,23193.9,19,101684.2,14.8,18.8,70.6,0,0,19
432,2022-09-08 3:30:00,23020.9,19,101682.7,14.7,18.8,70.4,0,0,19
433,2022-09-08 3:35:00,23610.8,18.9,101685.4,14.7,18.7,70.4,0,0,18.9
434,2022-09-08 3:40:00,23082.5,18.9,101687.4,14.7,18.7,70.7,0,0,18.9
435,2022-09-08 3:45:00,23216,18.8,101686,14.7,18.6,71.1,0,0,18.8
436,2022-09-08 3:50:00,23191.5,18.8,101688.5,14.7,18.6,71.3,0,0,18.8
437,2022-09-08 3:55:00,23030.5,18.8,101690.6,14.7,18.6,71.4,0,0,18.8
438,2022-09-08 4:00:00,22642.4,18.8,101691.7,14.7,18.6,71.7,0,0,18.8
439,2022-09-08 4:05:00,22912.3,18.8,101686.7,14.7,18.6,71.6,0,0,18.8
440,2022-09-08 4:10:00,22984.4,18.7,101688.1,14.6,18.5,71.3,0,0,18.7
441,2022-09-08 4:15:00,23881,18.7,101684.5,14.6,18.5,71.5,0,0,18.7
442,2022-09-08 4:20:00,22914.6,18.7,101679.5,14.6,18.4,71.5,0,0,18.7
443,2022-09-08 4:25:00,23172.9,18.7,101678.1,14.7,18.5,72,0,0,18.7
444,2022-09-08 4:30:00,22607.6,18.6,101674.7,14.7,18.4,72,0,0,18.6
445,2022-09-08 4:35:00,23428.7,18.6,101671.1,14.7,18.4,72.3,0,0,18.6
446,2022-09-08 4:40:00,22551.3,18.6,101669.8,14.7,18.4,72.7,1,0,18.6
447,2022-09-08 4:45:00,23181.8,18.6,101672.3,14.7,18.4,72.7,1.9,0,17
448,2022-09-08 4:50:00,23096.5,18.5,101670,14.7,18.4,72.7,4.1,0,17
449,2022-09-08 4:55:00,23117.1,17.1,101670.7,12.7,16.7,69.3,41.1,0,17.1
450,2022-09-08 5:00:00,23897.1,16.9,101670.2,12.7,16.5,70,7.7,0,16.9
451,2022-09-08 5:05:00,23072,16.9,101675.4,12.6,16.5,69.7,10.2,0,16.9
452,2022-09-08 5:10:00,23645.6,16.9,101682.7,12.5,16.4,69.4,12.7,0,16.9
453,2022-09-08 5:15:00,24760.7,16.9,101688.5,12.6,16.4,69.7,15,0,16.9
454,2022-09-08 5:20:00,23126.9,16.9,101692.6,12.6,16.4,69.9,17.3,0,16.9
455,2022-09-08 5:25:00,23311.1,16.9,101695.7,12.6,16.5,69.7,21.6,0,16.9
456,2022-09-08 5:30:00,22886.5,16.9,101700,12.7,16.5,69.7,28.5,0,16.9
457,2022-09-08 5:35:00,22440.2,17,101700,12.7,16.6,69.7,37.2,0,17
458,2022-09-08 5:40:00,23603.6,17.1,101703,12.7,16.7,69.3,45.6,0,17.1
459,2022-09-08 5:45:00,25809.1,17.2,101709.5,12.8,16.8,68.8,58.3,0,17.2
460,2022-09-08 5:50:00,26654.8,17.3,101718.3,12.8,16.9,68.5,62.7,0,17.3
461,2022-09-08 5:55:00,27267.7,19,101718.1,14.9,18.8,71.4,75.7,0,19
462,2022-09-08 6:00:00,26729.9,19.1,101718.8,14.9,18.9,70.8,94,0,19.1
463,2022-09-08 6:05:00,26470.5,19.3,101714,15,19.1,70.7,100,0.1,19.3
464,2022-09-08 6:10:00,27047,19.4,101713.1,15.1,19.3,70.4,96.7,0.3,19.4
465,2022-09-08 6:15:00,27583.7,19.5,101714.9,15.2,19.4,70.2,106.2,0.4,19.5
466,2022-09-08 6:20:00,27311,19.6,101714.7,15.3,19.5,70.1,129.5,0.4,19.6
467,2022-09-08 6:25:00,27782.1,19.8,101711.8,15.4,19.7,69.8,138.1,0.4,19.8
468,2022-09-08 6:30:00,28745,20,101710.9,15.4,19.9,69.1,136.5,0.5,20
469,2022-09-08 6:35:00,28692.5,20.2,101712,15.5,20,68.2,139.3,0.5,20.2
470,2022-09-08 6:40:00,28410.5,20.4,101714.3,15.5,20.2,67.5,139.1,0.5,20.4
471,2022-09-08 6:45:00,28475.2,20.5,101711.8,15.6,20.4,67.3,176.1,0.6,20.5
472,2022-09-08 6:50:00,27779.5,20.7,101712,15.5,20.6,65.7,212,0.7,20.7
473,2022-09-08 6:55:00,26376.8,21,101711.5,15.5,20.8,64.5,226.3,0.7,21
474,2022-09-08 7:00:00,26069.7,21.2,101710,15.4,21.1,62.9,233.5,0.8,21.2
475,2022-09-08 7:05:00,25726,21.5,101711.1,15.6,21.4,62.5,251,0.9,21.5
476,2022-09-08 7:10:00,27934.8,21.9,101705.9,15.6,21.7,61.1,270.1,0.9,21.9
477,2022-09-08 7:15:00,26914.2,22.2,101707.5,15.7,22,59.8,272.2,0.9,22.2
478,2022-09-08 7:20:00,26818,22.4,101710,15.8,22.3,59.3,246.6,1,22.4
479,2022-09-08 7:25:00,27008.6,22.6,101713.4,15.9,22.4,59.2,276.2,1.1,22.6
480,2022-09-08 7:30:00,28329.5,22.7,101714.7,16,22.6,59.2,297.8,1.1,22.7
481,2022-09-08 7:35:00,27794.1,22.9,101719.9,16,22.7,58.5,301.2,1.2,22.9
482,2022-09-08 7:40:00,28253.3,23,101721.9,16.1,22.9,58.9,306.1,1.3,23
483,2022-09-08 7:45:00,28269.8,23.2,101726.7,16.3,23.1,59.1,303.5,1.3,23.2
484,2022-09-08 7:50:00,28559.7,23.2,101726.2,16.4,23.2,59.1,319.3,1.4,23.2
485,2022-09-08 7:55:00,29053.4,23.4,101724.9,16.4,23.3,59.1,320.9,1.4,23.4
486,2022-09-08 8:00:00,29515.8,23.4,101726.4,16.4,23.3,58.7,338.9,1.6,23.4
487,2022-09-08 8:05:00,29759.7,23.5,101727.1,16.4,23.4,58.6,376.7,1.8,23.5
488,2022-09-08 8:10:00,29362.8,23.5,101727.4,16.4,23.5,58.3,397.1,2,23.5
489,2022-09-08 8:15:00,29854.2,23.6,101728.7,16.4,23.6,57.8,370,1.8,23.6
490,2022-09-08 8:20:00,30383.7,23.8,101733.7,16.3,23.7,57.1,368.5,1.7,23.8
491,2022-09-08 8:25:00,30548.9,23.9,101737.5,16.4,23.8,56.9,373.1,1.8,23.9
492,2022-09-08 8:30:00,29959.1,24,101739.8,16.5,24,56.9,396.1,2.1,24
493,2022-09-08 8:35:00,29255.2,24.1,101744.7,16.4,24,56.5,410.3,2.2,24.1
494,2022-09-08 8:40:00,30178.2,24.1,101747.7,16.5,24.1,56.5,399,2,24.1
495,2022-09-08 8:45:00,31193.2,24.2,101749.2,16.4,24.1,55.9,364.7,2,24.2
496,2022-09-08 8:50:00,30286.5,24.3,101748.3,16.3,24.2,55,418.7,2.2,24.3
497,2022-09-08 8:55:00,30638,24.5,101745.9,16.4,24.4,54.5,446.4,2.4,24.5
498,2022-09-08 9:00:00,30622.1,24.7,101743.6,16.4,24.6,53.8,477.6,2.7,24.7
499,2022-09-08 9:05:00,32286.4,24.7,101742.9,16.4,24.6,53.9,488.5,2.8,24.7
500,2022-09-08 9:10:00,30344,24.8,101740.9,16.5,24.7,53.9,500.7,3,24.8
501,2022-09-08 9:15:00,31009.7,24.9,101743.2,16.4,24.8,53.2,571.8,3.3,24.9
502,2022-09-08 9:20:00,31390.2,25,101743.6,16.4,24.9,52.6,587.3,3.3,25
503,2022-09-08 9:25:00,32839.4,25.2,101742.5,16.4,25.1,52,578.5,3.3,25.2
504,2022-09-08 9:30:00,31960.5,25.2,101738.4,16.3,25.1,51.4,590.8,3.4,25.2
505,2022-09-08 9:35:00,31771,25.2,101737.1,16.4,25.2,51.4,601.6,3.4,25.2
506,2022-09-08 9:40:00,30004,25.3,101734.6,16.1,25.2,50.3,655.6,3.7,25.3
507,2022-09-08 9:45:00,30495.1,25.3,101729.8,16.2,25.2,50.5,676.9,3.6,25.3
508,2022-09-08 9:50:00,29756.4,25.5,101727.4,16.2,25.4,49.5,586.5,3.5,25.5
509,2022-09-08 9:55:00,30536.4,25.7,101725.8,16.3,25.6,49.1,620.1,3.6,25.7
510,2022-09-08 10:00:00,31169.1,25.8,101720.1,16.2,25.7,48.1,612.1,3.6,25.8
511,2022-09-08 10:05:00,31209.4,25.9,101716.1,16,25.7,47.2,579.5,3.5,25.9
512,2022-09-08 10:10:00,32402.2,25.9,101709.1,15.9,25.8,46.5,569.3,3.4,25.9
513,2022-09-08 10:15:00,32403.4,26,101708.4,16.1,25.8,47.1,571.1,3.6,26
514,2022-09-08 10:20:00,31005.5,26,101708.2,16.1,25.9,47.3,605.2,3.8,26
515,2022-09-08 10:25:00,29907.4,26.2,101707.3,16.1,26.1,46.5,701.6,3.9,26.2
516,2022-09-08 10:30:00,31264.4,26.4,101701.2,16.1,26.2,46,519.9,3.4,26.4
517,2022-09-08 10:35:00,32600.2,26.4,101699.1,16,26.2,45.5,568.9,3.7,26.4
518,2022-09-08 10:40:00,33351.9,26.4,101694.8,16.1,26.2,45.9,743,4.2,26.4
519,2022-09-08 10:45:00,32203.4,26.6,101687.6,16,26.3,45.1,828.7,4.4,26.6
520,2022-09-08 10:50:00,30643.8,26.7,101685.1,15.7,26.4,43.8,586.1,3.9,26.7
521,2022-09-08 10:55:00,29780.3,26.8,101685.1,16.1,26.5,44.6,581.5,4,26.8
522,2022-09-08 11:00:00,29877,26.9,101677.7,16.2,26.9,44.5,746.4,4.2,26.9
523,2022-09-08 11:05:00,30568.6,27,101675.9,16.3,27,44.3,691.2,4,27
524,2022-09-08 11:10:00,32739.4,27,101675,16.4,27,44.5,685.7,3.9,27
525,2022-09-08 11:15:00,33514.3,27.1,101670.5,16.5,27.2,44.7,636.2,3.6,27.1
526,2022-09-08 11:20:00,32848.2,27.1,101662.3,16.5,27.2,44.5,628.1,3.6,27.1
527,2022-09-08 11:25:00,32538.9,27,101658,16.4,27.1,44.4,639.5,3.6,27
528,2022-09-08 11:30:00,32437,27,101657.8,16.3,26.9,44.5,636.5,3.5,27
529,2022-09-08 11:35:00,33193.3,27.1,101655.3,16.5,26.9,45,653.7,3.5,27.1
530,2022-09-08 11:40:00,32345.5,27.1,101649.5,16.5,26.9,45.1,536.3,3.2,27.1
531,2022-09-08 11:45:00,34440.2,27.1,101643.1,16.5,26.9,45.1,533.8,3.4,27.1
532,2022-09-08 11:50:00,34347,27.2,101640.4,16.5,27.1,44.6,649.3,3.8,27.2
533,2022-09-08 11:55:00,35222.1,27.4,101638.2,16.6,27.2,44.5,709,3.8,27.4
534,2022-09-08 12:00:00,33400.6,27.6,101639.1,16.8,27.3,44.3,666.7,3.6,27.6
535,2022-09-08 12:05:00,31250.2,27.6,101635.5,16.8,27.6,44.4,679.3,3.5,27.6
536,2022-09-08 12:10:00,26038.6,27.7,101632.1,16.9,27.7,44.4,648.9,3.4,27.7
537,2022-09-08 12:15:00,25482,27.7,101629.6,16.8,27.7,44.1,514.9,3,27.7
538,2022-09-08 12:20:00,24709.6,27.5,101626.4,16.8,27.4,44.7,509.9,3.1,27.5
539,2022-09-08 12:25:00,25353.6,27.4,101624.6,16.7,27.1,45.1,618.1,3.3,27.4
540,2022-09-08 12:30:00,25070.8,27.2,101615.8,16.8,27,45.7,622.9,3.3,27.2
541,2022-09-08 12:35:00,25223.6,27.3,101607.2,16.8,27.1,45.5,680.9,3.5,27.3
542,2022-09-08 12:40:00,27505,27.4,101600.7,16.8,27.2,45,669.4,3.8,27.4
543,2022-09-08 12:45:00,26839.3,27.5,101592.8,16.9,27.5,45.1,594.6,3.2,27.5
544,2022-09-08 12:50:00,24655.1,27.7,101583.8,17,27.4,44.9,560.7,3,27.7
545,2022-09-08 12:55:00,23634,27.8,101578.1,16.9,27.5,44.3,620.3,3.2,27.8
546,2022-09-08 13:00:00,23330.1,27.8,101570,16.9,27.5,44.3,601.1,3.2,27.8
547,2022-09-08 13:05:00,24455.6,27.7,101561,16.8,27.4,44.4,577.6,2.9,27.7
548,2022-09-08 13:10:00,23771.6,27.7,101555.3,16.9,27.4,44.6,667.8,3.3,27.7
549,2022-09-08 13:15:00,23025.6,27.8,101551.5,16.9,27.4,44.5,693.4,3.2,27.8
550,2022-09-08 13:20:00,24821.7,27.9,101549,17,27.5,44.3,578.5,2.9,27.9
551,2022-09-08 13:25:00,27218.9,28,101543.6,17,27.7,43.9,619.3,2.9,28
552,2022-09-08 13:30:00,27145.4,28.2,101539.1,17.1,28,43.8,666.2,3,28.2
553,2022-09-08 13:35:00,26279,28.4,101538.2,17.1,28.2,43.1,672.1,3,28.4
554,2022-09-08 13:40:00,27687,28.4,101536.8,17.1,28.2,42.7,641.4,2.9,28.4
555,2022-09-08 13:45:00,26166.6,28.4,101532.5,17.1,28.2,42.9,632.7,2.7,28.4
556,2022-09-08 13:50:00,24974.1,28.5,101525.3,17.2,28.3,42.7,604.2,2.6,28.5
557,2022-09-08 13:55:00,26328.2,28.6,101522.8,17.2,28.4,42.8,499.9,2.3,28.6
558,2022-09-08 14:00:00,27731,28.7,101523.7,17.1,28.4,42.3,378.6,1.9,28.7
559,2022-09-08 14:05:00,28024,28.4,101520.6,16.8,28.1,42.2,285.1,1.7,28.4
560,2022-09-08 14:10:00,27362,28,101513.3,16.9,27.6,43.4,288.7,1.8,28
561,2022-09-08 14:15:00,27386.8,27.9,101508.1,16.7,27.5,43.5,420.1,2,27.9
562,2022-09-08 14:20:00,26095.9,27.8,101504.3,16.7,27.4,43.7,436.4,1.9,27.8
563,2022-09-08 14:25:00,26546.2,27.8,101501.8,16.7,27.4,43.6,412.4,1.8,27.8
564,2022-09-08 14:30:00,26546.2,27.7,101499.6,16.7,27.3,43.7,426,1.8,27.7
565,2022-09-08 14:35:00,24703.4,27.6,101495.9,16.7,27.2,44.1,430.4,1.7,27.6
566,2022-09-08 14:40:00,24076.8,27.5,101490.8,16.7,27.2,44.2,357.1,1.6,27.5
567,2022-09-08 14:45:00,25047,27.6,101488,16.9,27.3,44.6,334.7,1.6,27.6
568,2022-09-08 14:50:00,27079.7,27.7,101487.1,16.9,27.4,44.4,410.5,1.6,27.7
569,2022-09-08 14:55:00,26077.4,27.8,101489.6,16.8,27.4,44.1,397.7,1.5,27.8
570,2022-09-08 15:00:00,26434.7,27.7,101490.3,16.6,27.5,43.6,317.5,1.4,27.7
571,2022-09-08 15:05:00,26296.4,27.5,101486.9,16.6,27.5,43.8,304.8,1.3,27.5
572,2022-09-08 15:10:00,26818.8,27.5,101484.9,16.6,27.5,43.5,346.4,1.3,27.5
573,2022-09-08 15:15:00,26074.9,27.6,101480.1,16.7,27.6,43.6,266.1,1.1,27.6
574,2022-09-08 15:20:00,25406.4,27.6,101479.5,16.7,27.6,43.7,240.1,1,27.6
575,2022-09-08 15:25:00,24493.1,27.6,101477.9,16.6,27.5,43.7,293.1,1,27.6
576,2022-09-08 15:30:00,24596.3,27.5,101478.3,16.6,27.5,43.7,268,0.9,27.5
577,2022-09-08 15:35:00,24827.4,27.5,101478.8,16.6,27.5,43.9,232.4,0.9,27.5
578,2022-09-08 15:40:00,24212.9,27.4,101477.4,16.6,27.4,44.3,277.1,0.8,27.4
579,2022-09-08 15:45:00,24247.1,27.3,101476.3,16.6,27.1,44.7,244.6,0.8,27.3
580,2022-09-08 15:50:00,23719.5,27.2,101475,16.6,27,45.1,217.2,0.7,27.2
581,2022-09-08 15:55:00,23929.5,27.1,101474.3,16.5,26.8,45.3,202.7,0.7,27.1
582,2022-09-08 16:00:00,24026.9,27,101471.8,16.5,26.7,45.6,204.8,0.6,27
583,2022-09-08 16:05:00,23513.5,27,101470.9,16.5,26.7,45.7,178.3,0.5,27
584,2022-09-08 16:10:00,25129.8,27,101468.6,16.6,26.7,45.9,178,0.4,27
585,2022-09-08 16:15:00,23826.3,26.9,101463.9,16.5,26.6,45.7,162.8,0.4,26.9
586,2022-09-08 16:20:00,24185.8,26.8,101457.8,16.6,26.6,46.5,141.6,0.3,26.8
587,2022-09-08 16:25:00,23187.6,26.7,101457.1,16.4,26.4,46.3,134.4,0.2,26.7
588,2022-09-08 16:30:00,23725.2,26.5,101457.6,16.4,26.2,46.7,119,0.2,26.5
589,2022-09-08 16:35:00,23974.5,26.4,101456.7,16.4,26.2,47.2,102.8,0.2,26.4
590,2022-09-08 16:40:00,23235.7,26.4,101453.3,16.3,26.1,47.3,91.3,0,26.4
591,2022-09-08 16:45:00,22695,26.3,101453.3,16.3,26,47.3,80.2,0,26.3
592,2022-09-08 16:50:00,22451.5,26.2,101452.2,16.3,26,47.5,68.9,0,26.2
593,2022-09-08 16:55:00,22870.6,26.2,101447.9,16.4,25.9,48.1,59.1,0,26.2
594,2022-09-08 17:00:00,23600.8,26.1,101446.1,16.3,25.8,48.1,49.2,0,26.1
595,2022-09-08 17:05:00,23930.1,25.9,101449.2,16.2,25.7,48.3,40.8,0,25.9
596,2022-09-08 17:10:00,23390.3,25.7,101449.4,16.1,25.6,48.6,33.1,0,25.7
597,2022-09-08 17:15:00,23569.6,25.6,101452.8,16.1,25.5,48.9,25.5,0,25.6
598,2022-09-08 17:20:00,23840.6,25.6,101459.1,16.5,25.5,50.1,20.3,0,25.6
599,2022-09-08 17:25:00,23597.6,25.4,101466.4,16.4,25.4,50.5,14.8,0,25.4
600,2022-09-08 17:30:00,23730.2,25.3,101466.1,16.5,25.2,51.3,11.3,0,25.3
601,2022-09-08 17:35:00,22441.6,25.1,101464.8,16.5,25,51.7,8.1,0,25.1
602,2022-09-08 17:40:00,22673.6,24.9,101470.9,16.4,24.8,52.3,5.5,0,24.9
603,2022-09-08 17:45:00,23417.2,24.7,101472.7,16.4,24.7,52.9,3.6,0,24.7
604,2022-09-08 17:50:00,22501,24.5,101470.9,16.3,24.4,53,2.3,0,24.5
605,2022-09-08 17:55:00,24116.1,24.4,101470.7,16.3,24.3,53.7,1.3,0,24.4
606,2022-09-08 18:00:00,23498,24.3,101476.8,16.2,24.2,53.7,0,0,24.3
607,2022-09-08 18:05:00,27787.3,24.1,101480.4,16.2,24,54.3,0,0,24.1
608,2022-09-08 18:10:00,29151.8,24,101482.4,16.2,23.9,55,0,0,24
609,2022-09-08 18:15:00,27670.2,23.8,101485.1,16.3,23.7,55.7,0,0,23.8
610,2022-09-08 18:20:00,27556.2,23.7,101488,16.3,23.6,56.5,0,0,23.7
611,2022-09-08 18:25:00,27926.9,23.6,101493.5,16.3,23.5,56.9,0,0,23.6
612,2022-09-08 18:30:00,27706.3,23.4,101496.4,16.3,23.3,57.7,0,0,23.4
613,2022-09-08 18:35:00,28973.1,23.3,101500.2,16.4,23.2,58.8,0,0,23.3
614,2022-09-08 18:40:00,30083.5,23.1,101504.5,16.3,23,59.3,0,0,23.1
615,2022-09-08 18:45:00,29956.8,22.9,101507,16.3,22.8,60.3,0,0,22.9
616,2022-09-08 18:50:00,30040.9,22.7,101514.9,16.3,22.6,61.2,0,0,22.7
617,2022-09-08 18:55:00,28618.8,22.6,101521.7,16.2,22.5,61.7,0,0,22.6
618,2022-09-08 19:00:00,28016.2,22.4,101524.4,16.2,22.4,62.3,0,0,22.4
619,2022-09-08 19:05:00,27268.8,22.3,101528,16.2,22.3,63,0,0,22.3
620,2022-09-08 19:10:00,27359.9,22.2,101531.8,16.2,22.2,63.3,0,0,22.2
621,2022-09-08 19:15:00,28483.9,22.1,101539.5,16.2,22,63.9,0,0,22.1
622,2022-09-08 19:20:00,30413.3,22,101540.9,16.3,22,64.6,0,0,22
623,2022-09-08 19:25:00,29337.4,21.9,101547.2,16.2,21.8,64.8,0,0,21.9
624,2022-09-08 19:30:00,29913.7,21.8,101550.4,16.2,21.7,65.3,0,0,21.8
625,2022-09-08 19:35:00,29997.4,21.7,101549.7,16.2,21.7,65.5,0,0,21.7
626,2022-09-08 19:40:00,29570.5,21.6,101551,16.2,21.6,65.9,0,0,21.6
627,2022-09-08 19:45:00,30686.3,21.5,101549.9,16.1,21.5,66.1,0,0,21.5
628,2022-09-08 19:50:00,30160.4,21.4,101549,16.1,21.4,66.4,0,0,21.4
629,2022-09-08 19:55:00,32379,21.3,101553.3,16,21.3,66.7,0,0,21.3
630,2022-09-08 20:00:00,34184.6,21.2,101552.4,16,21.2,67.1,0,0,21.2
631,2022-09-08 20:05:00,35833.6,21.1,101549.9,16,21.1,67.5,0,0,21.1
632,2022-09-08 20:10:00,34026.4,21,101554,15.9,21,67.3,0,0,21
633,2022-09-08 20:15:00,34600.7,21,101559.6,15.9,20.9,67.5,0,0,21
634,2022-09-08 20:20:00,37179.1,20.8,101556.9,15.8,20.8,67.9,0,0,20.8
635,2022-09-08 20:25:00,37103.1,20.7,101554,15.8,20.7,68.1,0,0,20.7
636,2022-09-08 20:30:00,36412.2,20.6,101547.2,15.8,20.6,68.8,0,0,20.6
637,2022-09-08 20:35:00,35730.6,20.6,101544,15.7,20.5,68.6,0,0,20.6
638,2022-09-08 20:40:00,36663.4,20.5,101542.5,15.6,20.4,68.4,0,0,20.5
639,2022-09-08 20:45:00,39570.4,20.5,101549,15.5,20.4,68.1,0,0,20.5
640,2022-09-08 20:50:00,41286.6,20.5,101565.3,15.5,20.4,68.3,0,0,20.5
641,2022-09-08 20:55:00,41715.9,20.5,101570,15.5,20.3,68.4,0,0,20.5
642,2022-09-08 21:00:00,40272.7,20.4,101568.4,15.4,20.3,68.3,0,0,20.4
643,2022-09-08 21:05:00,41248.6,20.3,101570.7,15.4,20.2,68.7,0,0,20.3
644,2022-09-08 21:10:00,40467.3,20.2,101575,15.3,20.1,68.8,0,0,20.2
645,2022-09-08 21:15:00,40685.8,20.2,101576.8,15.3,20,69,0,0,20.2
646,2022-09-08 21:20:00,36094.2,20.1,101574.1,15.3,20,69,0,0,20.1
647,2022-09-08 21:25:00,35043.7,20.1,101574.1,15.3,20,69,0,0,20.1
648,2022-09-08 21:30:00,37565.8,20.1,101575.9,15.3,20,69.6,0,0,20.1
649,2022-09-08 21:35:00,36327.5,20.1,101578.8,15.3,19.9,69.4,0,0,20.1
650,2022-09-08 21:40:00,36946.6,20,101579.3,15.3,19.9,69.8,0,0,20
651,2022-09-08 21:45:00,37076.9,19.9,101579,15.3,19.8,70,0,0,19.9
652,2022-09-08 21:50:00,38256.3,19.9,101580.8,15.2,19.7,70.2,0,0,19.9
653,2022-09-08 21:55:00,37733.9,19.8,101581.7,15.2,19.7,70,0,0,19.8
654,2022-09-08 22:00:00,38651.8,19.8,101581.1,15.2,19.7,70.1,0,0,19.8
655,2022-09-08 22:05:00,37565.4,19.8,101582.6,15.2,19.6,70.4,0,0,19.8
656,2022-09-08 22:10:00,37985.3,19.7,101579,15.1,19.6,70.4,0,0,19.7
657,2022-09-08 22:15:00,35550.1,19.7,101578.1,15.1,19.5,70.4,0,0,19.7
658,2022-09-08 22:20:00,36085.7,19.6,101577,15.1,19.5,70.5,0,0,19.6
659,2022-09-08 22:25:00,35760.1,19.6,101574.7,15.1,19.4,70.9,0,0,19.6
660,2022-09-08 22:30:00,33112.1,19.5,101571.4,15.1,19.4,71.1,0,0,19.5
661,2022-09-08 22:35:00,32976,19.5,101575,15,19.3,71,0,0,19.5
662,2022-09-08 22:40:00,33034.2,19.5,101577.7,15.1,19.3,71.5,0,0,19.5
663,2022-09-08 22:45:00,33457.3,19.3,101576.8,15.1,19.2,72.1,0,0,19.3
664,2022-09-08 22:50:00,32256.1,19.2,101571.4,15.1,19.1,73,0,0,19.2
665,2022-09-08 22:55:00,32406.9,19,101566.8,15.1,18.9,73.3,0,0,19
666,2022-09-08 23:00:00,32617.8,18.9,101567.3,15,18.8,73.5,0,0,18.9
667,2022-09-08 23:05:00,26856.6,18.8,101569.5,15,18.7,74.3,0,0,18.8
668,2022-09-08 23:10:00,25544.7,18.7,101572.7,15,18.6,74.4,0,0,18.7
669,2022-09-08 23:15:00,25267.2,18.6,101570.9,14.9,18.5,74.7,0,0,18.6
670,2022-09-08 23:20:00,25318.3,18.5,101570,14.9,18.4,75,0,0,18.5
671,2022-09-08 23:25:00,26105.8,18.5,101568.4,14.8,18.3,75.2,0,0,18.5
672,2022-09-08 23:30:00,25653.9,18.4,101571.8,14.8,18.3,75.5,0,0,18.4
673,2022-09-08 23:35:00,23821.9,18.3,101572.9,14.8,18.2,75.5,0,0,18.3
674,2022-09-08 23:40:00,20859.5,18.3,101571.6,14.8,18.1,75.5,0,0,18.3
675,2022-09-08 23:45:00,20588.3,18.3,101568.6,14.7,18.1,75.5,0,0,18.3
676,2022-09-08 23:50:00,21101,18.3,101565.5,14.8,18.1,75.7,0,0,18.3
677,2022-09-08 23:55:00,19960.6,18.2,101564.6,14.8,18.1,75.9,0,0,18.2
678,2022-09-09 0:00:00,20092.4,18.2,101559.4,14.8,18.1,75.9,0,0,18.2
679,2022-09-09 0:05:00,20183.9,18.2,101554,14.7,18,76,0,0,18.2
680,2022-09-09 0:10:00,20025.8,18.2,101552.6,14.7,18,76.1,0,0,18.2
681,2022-09-09 0:15:00,20424.1,18.1,101552.8,14.7,18,76.3,0,0,18.1
682,2022-09-09 0:20:00,20486.6,18,101553.1,14.6,17.9,76.3,0,0,18
683,2022-09-09 0:25:00,19976.3,18,101550.8,14.6,17.8,76.5,0,0,18
684,2022-09-09 0:30:00,19265.7,17.9,101549.9,14.6,17.7,76.7,0,0,17.9
685,2022-09-09 0:35:00,19744.4,17.9,101546.5,14.6,17.7,76.9,0,0,17.9
686,2022-09-09 0:40:00,20060.3,17.8,101545.6,14.5,17.7,76.9,0,0,17.8
687,2022-09-09 0:45:00,19080.9,17.8,101543.6,14.6,17.6,77.3,0,0,17.8
688,2022-09-09 0:50:00,20225.5,17.7,101543.6,14.5,17.6,77.3,0,0,17.7
689,2022-09-09 0:55:00,20369.6,17.7,101546.1,14.5,17.6,77.3,0,0,17.7
690,2022-09-09 1:00:00,19279,17.7,101542,14.5,17.5,77.4,0,0,17.7
691,2022-09-09 1:05:00,19072.8,17.6,101543.1,14.5,17.5,77.7,0,0,17.6
692,2022-09-09 1:10:00,19016.8,17.6,101540.9,14.5,17.5,77.9,0,0,17.6
693,2022-09-09 1:15:00,19321.1,17.6,101539.3,14.4,17.4,77.7,0,0,17.6
694,2022-09-09 1:20:00,18525.2,17.5,101540.4,14.4,17.4,78,0,0,17.5
695,2022-09-09 1:25:00,18591,17.5,101539.5,14.5,17.3,78.4,0,0,17.5
696,2022-09-09 1:30:00,18929.7,17.4,101540.9,14.5,17.3,78.7,0,0,17.4
697,2022-09-09 1:35:00,19572.6,17.4,101542.5,14.4,17.3,78.7,0,0,17.4
698,2022-09-09 1:40:00,19214.9,17.4,101539.3,14.4,17.2,78.7,0,0,17.4
699,2022-09-09 1:45:00,18705.2,17.4,101538.8,14.4,17.2,78.7,0,0,17.4
700,2022-09-09 1:50:00,18716.2,17.3,101538.6,14.3,17.2,78.3,0,0,17.3
701,2022-09-09 1:55:00,18082.1,17.3,101540.4,14.3,17.1,78.5,0,0,17.3
702,2022-09-09 2:00:00,18105.2,17.3,101537.5,14.3,17.1,78.7,0,0,17.3
703,2022-09-09 2:05:00,18215,17.2,101534.3,14.3,17.1,78.7,0,0,17.2
704,2022-09-09 2:10:00,18292.2,17.2,101532.7,14.2,17,78.7,0,0,17.2
705,2022-09-09 2:15:00,18598.8,17.1,101531.4,14.2,17,79,0,0,17.1
706,2022-09-09 2:20:00,18351.7,17.1,101530.9,14.2,16.9,79.2,0,0,17.1
707,2022-09-09 2:25:00,18416.3,17,101530.5,14.2,16.9,79.3,0,0,17
708,2022-09-09 2:30:00,18304.8,17,101528.2,14.1,16.8,79,0,0,17
709,2022-09-09 2:35:00,17695,17,101524.6,14.1,16.8,79.3,0,0,17
710,2022-09-09 2:40:00,17576.4,17,101519.2,14.1,16.8,79.1,0,0,17
711,2022-09-09 2:45:00,17512.9,17,101511.1,14.2,16.8,79.7,0,0,17
712,2022-09-09 2:50:00,17632.3,17,101503.6,14.2,16.8,79.7,0,0,17
713,2022-09-09 2:55:00,17758.5,17,101498.7,14.1,16.8,79.7,0,0,17
714,2022-09-09 3:00:00,17601.1,16.9,101495,14.1,16.8,79.5,0,0,16.9
715,2022-09-09 3:05:00,17910.3,16.9,101491.9,14.1,16.7,79.4,0,0,16.9
716,2022-09-09 3:10:00,17193.8,16.9,101493.2,14.1,16.7,79.3,0,0,16.9
717,2022-09-09 3:15:00,17013.6,16.9,101493.9,14.1,16.7,79.7,0,0,16.9
718,2022-09-09 3:20:00,17197.3,16.9,101493.5,14.1,16.7,79.7,0,0,16.9
719,2022-09-09 3:25:00,17409.3,16.9,101491.2,14,16.7,79.7,0,0,16.9
720,2022-09-09 3:30:00,17650.1,16.8,101485.3,14,16.6,79.7,0,0,16.8
721,2022-09-09 3:35:00,17695.5,16.8,101482,14,16.6,79.7,0,0,16.8
722,2022-09-09 3:40:00,17704.6,16.7,101481,13.9,16.5,79.7,0,0,16.7
723,2022-09-09 3:45:00,17526.6,16.6,101479.5,13.9,16.4,80,0,0,16.6
724,2022-09-09 3:50:00,17425.6,16.6,101481.3,13.9,16.4,80.3,0,0,16.6
725,2022-09-09 3:55:00,17136.1,16.5,101480.6,13.9,16.3,80.8,0,0,16.5
726,2022-09-09 4:00:00,17277.5,16.5,101476.1,13.9,16.3,80.9,0,0,16.5
727,2022-09-09 4:05:00,17240,16.4,101474.3,13.8,16.2,81,0,0,16.4
728,2022-09-09 4:10:00,17369.6,16.4,101474.3,13.8,16.2,81,0,0,16.4
729,2022-09-09 4:15:00,17233.4,16.4,101474,13.8,16.2,80.9,0,0,16.4
730,2022-09-09 4:20:00,17225.7,16.4,101472.5,13.8,16.2,81,0,0,16.4
731,2022-09-09 4:25:00,17550.7,16.4,101467.1,13.8,16.2,81.3,0,0,16.4
732,2022-09-09 4:30:00,17349.3,16.3,101465,13.8,16.2,81.3,0,0,16.3
733,2022-09-09 4:35:00,17198.2,16.3,101463,13.8,16.2,81.3,0,0,16.3
734,2022-09-09 4:40:00,17258.6,16.3,101462.5,13.8,16.1,81.3,1.7,0,16.3
735,2022-09-09 4:45:00,17385.9,16.3,101462.3,13.7,16.1,81,2.4,0,17
736,2022-09-09 4:50:00,17988.2,16.3,101462.5,13.8,16.2,81,5.2,0,17
737,2022-09-09 4:55:00,17825.9,17.1,101461.9,13,16.7,71,48,0,17
738,2022-09-09 5:00:00,18673.2,16.6,101461.4,12.7,16.2,72.3,10.1,0,16.6
739,2022-09-09 5:05:00,17910.4,16.6,101456.4,12.7,16.2,72.2,13.1,0,16.6
740,2022-09-09 5:10:00,17861.2,16.6,101455.1,12.7,16.2,72,16.1,0,16.6
741,2022-09-09 5:15:00,17772.5,16.6,101454.2,12.7,16.2,72,19.4,0,16.6
742,2022-09-09 5:20:00,17393.2,16.7,101452.4,12.7,16.3,72,26.3,0,16.7
743,2022-09-09 5:25:00,17858.6,16.8,101452.6,12.8,16.4,71.9,33.8,0,16.8
744,2022-09-09 5:30:00,17447.6,16.9,101450.8,12.9,16.5,71.3,41.9,0,16.9
745,2022-09-09 5:35:00,17463.9,17.1,101451.5,13,16.7,70.9,53.7,0,17.1
746,2022-09-09 5:40:00,18690.8,17.2,101454,13.1,16.9,70.5,63.5,0,17.2
747,2022-09-09 5:45:00,21386.4,17.4,101457.6,13.1,17,69.6,73.1,0,17.4
748,2022-09-09 5:50:00,21225.9,17.6,101461.6,13.2,17.2,69.2,81.5,0,17.6
749,2022-09-09 5:55:00,21412.1,17.4,101467.3,14.3,17.2,77.9,112.7,0.2,17.4
750,2022-09-09 6:00:00,21030.7,17.6,101470.4,14.4,17.4,77.6,126.1,0.2,17.6
751,2022-09-09 6:05:00,20944.1,17.8,101468,14.5,17.6,77.5,143.5,0.2,17.8
752,2022-09-09 6:10:00,21248.2,18,101469.1,14.7,17.9,76.9,161.1,0.3,18
753,2022-09-09 6:15:00,21173,18.2,101472.5,14.8,18.1,76.3,175.5,0.6,18.2
754,2022-09-09 6:20:00,21203.1,18.5,101474,14.9,18.3,75.5,190.7,0.6,18.5
755,2022-09-09 6:25:00,21475.4,18.7,101472.2,15,18.6,75,201.6,0.7,18.7
756,2022-09-09 6:30:00,22460.2,19,101473.8,15.2,18.9,74.1,201.1,0.7,19
757,2022-09-09 6:35:00,23358.6,19.3,101473.8,15.2,19.1,72.9,185.6,0.8,19.3
758,2022-09-09 6:40:00,22980.8,19.4,101472.7,15.2,19.3,72.1,176.3,0.8,19.4
759,2022-09-09 6:45:00,22647.3,19.5,101470.9,15.3,19.4,71.9,203.3,0.9,19.5
760,2022-09-09 6:50:00,21607.2,19.7,101472.7,15.3,19.6,71.3,236.3,1,19.7
761,2022-09-09 6:55:00,21182.2,20,101470,15.4,19.9,70.5,253.7,1.1,20
762,2022-09-09 7:00:00,20525.4,20.2,101469.1,15.5,20.1,69.7,266.3,1.1,20.2
763,2022-09-09 7:05:00,20864.1,20.4,101466.4,15.7,20.3,69.3,296.6,1.2,20.4
764,2022-09-09 7:10:00,21216.5,20.7,101467.3,15.8,20.6,68.5,297.9,1.3,20.7
765,2022-09-09 7:15:00,22854.5,20.9,101466.4,15.8,20.8,67.5,298.9,1.3,20.9
766,2022-09-09 7:20:00,22329.2,21.2,101464.6,15.9,21.1,66.6,280.8,1.4,21.2
767,2022-09-09 7:25:00,21769.6,21.4,101467.7,15.9,21.3,65.9,276.3,1.4,21.4
768,2022-09-09 7:30:00,23176.3,21.6,101468.4,16,21.5,65.2,331.6,1.6,21.6
769,2022-09-09 7:35:00,22363.4,21.8,101471.3,16,21.7,64.4,354.3,1.7,21.8
770,2022-09-09 7:40:00,22700.4,22,101472.2,16,22,63.4,417.2,1.8,22
771,2022-09-09 7:45:00,22102.3,22.3,101469.5,16.1,22.2,63,420.4,1.9,22.3
772,2022-09-09 7:50:00,22781.8,22.6,101468,16.3,22.5,62.2,428.9,2.1,22.6
773,2022-09-09 7:55:00,21323.1,22.9,101466.8,16.4,22.9,61.1,448.1,2.1,22.9
774,2022-09-09 8:00:00,20908.6,23.2,101467.1,16.5,23.2,59.9,442.6,2.2,23.2
775,2022-09-09 8:05:00,21555.7,23.5,101464.6,16.5,23.4,59.1,475.1,2.3,23.5
776,2022-09-09 8:10:00,21704.1,23.7,101462.3,16.6,23.7,58.1,504.1,2.5,23.7
777,2022-09-09 8:15:00,22668.4,23.9,101464.1,16.6,23.9,57.3,504.2,2.5,23.9
778,2022-09-09 8:20:00,22437.9,24.2,101462.5,16.5,24.1,56.1,520.3,2.7,24.2
779,2022-09-09 8:25:00,22243.2,24.5,101461.9,16.7,24.5,55.5,535.2,2.8,24.5
780,2022-09-09 8:30:00,22198.3,24.9,101464.1,16.8,24.8,54.6,545.2,2.8,24.9
781,2022-09-09 8:35:00,22979.9,25,101464.3,16.8,25,53.9,558.5,2.9,25
782,2022-09-09 8:40:00,22324,25.2,101461.9,16.8,25.2,53.3,584.4,3,25.2
783,2022-09-09 8:45:00,21560.8,25.3,101461.6,16.8,25.3,52.7,576.7,3,25.3
784,2022-09-09 8:50:00,21018,25.5,101460.7,16.9,25.5,52.2,633.3,3.2,25.5
785,2022-09-09 8:55:00,22177.7,25.5,101461.9,16.8,25.5,51.6,533.1,3,25.5
786,2022-09-09 9:00:00,24684.5,25.4,101462.5,16.8,25.4,51.8,542.7,3.1,25.4
787,2022-09-09 9:05:00,29652.7,25.4,101460.1,16.7,25.3,51.3,580.9,3.2,25.4
788,2022-09-09 9:10:00,28893.6,25.5,101457.8,16.7,25.4,51.1,572.7,3.3,25.5
789,2022-09-09 9:15:00,31379.1,25.5,101459.8,16.7,25.4,51,569.5,3.3,25.5
790,2022-09-09 9:20:00,28601.1,25.4,101462.1,16.7,25.4,51.2,567.5,3.3,25.4
791,2022-09-09 9:25:00,29437.4,25.4,101463,16.6,25.3,51.1,615.3,3.5,25.4
792,2022-09-09 9:30:00,29431.9,25.4,101463.2,16.6,25.3,51.3,603.9,3.5,25.4
793,2022-09-09 9:35:00,29656.2,25.4,101463.4,16.5,25.4,50.7,625.9,3.6,25.4
794,2022-09-09 9:40:00,29039.9,25.5,101462.8,16.7,25.4,51,714,3.6,25.5
795,2022-09-09 9:45:00,29517.4,25.7,101459.8,16.6,25.6,49.9,736.1,3.9,25.7
796,2022-09-09 9:50:00,28888.8,25.9,101455.8,16.7,25.9,49.9,757.1,3.9,25.9
797,2022-09-09 9:55:00,29323,26.1,101451.5,17,26,50.1,745,3.9,26.1
798,2022-09-09 10:00:00,31040.3,26.2,101449.9,17,26.2,49.8,758.3,3.8,26.2
799,2022-09-09 10:05:00,32179.7,26.3,101444.7,16.9,26.2,49,665.5,3.7,26.3
800,2022-09-09 10:10:00,30461.2,26.2,101442.2,16.8,26.1,48.8,520.7,3.5,26.2
801,2022-09-09 10:15:00,32105.6,26.2,101441.8,16.7,26.1,48.4,535.9,3.3,26.2
802,2022-09-09 10:20:00,32120.4,26.3,101438.8,16.8,26.2,48.4,562.2,3.4,26.3
803,2022-09-09 10:25:00,32148.6,26.3,101436.3,16.8,26.3,48.1,676.8,3.9,26.3
804,2022-09-09 10:30:00,33364.8,26.4,101433.2,16.8,26.3,48.2,526.3,3.5,26.4
805,2022-09-09 10:35:00,33234.1,26.4,101433.4,16.8,26.3,48.1,442.9,3,26.4
806,2022-09-09 10:40:00,33058.8,26.4,101430,16.9,26.3,48.6,405.1,3.2,26.4
807,2022-09-09 10:45:00,33110.6,26.3,101425.1,16.9,26.2,49.1,503.7,3.5,26.3
808,2022-09-09 10:50:00,32603.2,26.3,101424.6,17,26.2,49.5,630.7,4,26.3
809,2022-09-09 10:55:00,30878.3,26.4,101420.5,17,26.3,49.1,745.7,4.2,26.4
810,2022-09-09 11:00:00,30069.5,26.5,101415.4,17,26.4,48.7,675.2,4.1,26.5
811,2022-09-09 11:05:00,30892.6,26.6,101411.3,17,26.5,48.2,738.3,4.2,26.6
812,2022-09-09 11:10:00,30613.8,26.8,101407.7,17.1,26.7,48.2,788.7,4.3,26.8
813,2022-09-09 11:15:00,30246.1,27,101403.4,17.1,26.9,47.7,824.9,4.2,27
814,2022-09-09 11:20:00,30507.8,27,101398.6,17,26.9,47.1,626.7,3.8,27
815,2022-09-09 11:25:00,30647.9,26.8,101392.8,16.9,26.7,47.2,653.7,3.8,26.8
816,2022-09-09 11:30:00,30075.6,26.7,101390.3,16.8,26.7,47.3,664.3,3.8,26.7
817,2022-09-09 11:35:00,30878.6,26.7,101389.6,16.8,26.7,47.4,646.9,3.7,26.7
818,2022-09-09 11:40:00,31764.1,26.8,101387.1,16.9,26.7,47.5,640.8,3.7,26.8
819,2022-09-09 11:45:00,31078.7,26.9,101384.6,17,26.8,47.3,605.1,3.5,26.9
820,2022-09-09 11:50:00,31236.8,26.8,101382.8,17,26.7,47.9,603.9,3.4,26.8
821,2022-09-09 11:55:00,31059.6,26.8,101378.8,17,26.7,47.6,631.5,3.5,26.8
822,2022-09-09 12:00:00,25358.9,26.9,101377.4,17.1,26.8,47.7,613.8,3.3,26.9
823,2022-09-09 12:05:00,26112.7,27,101374.5,17.1,26.9,47.2,429.5,2.9,27
824,2022-09-09 12:10:00,28746.9,27,101369.1,17.1,26.9,47.3,464.9,2.9,27
825,2022-09-09 12:15:00,27747.7,26.8,101367.5,17,26.8,47.5,432.3,2.9,26.8
826,2022-09-09 12:20:00,26239.7,26.8,101363.7,17,26.8,47.5,418.2,2.8,26.8
827,2022-09-09 12:25:00,28642.9,26.8,101361.8,17,27,47.3,478.7,3,26.8
828,2022-09-09 12:30:00,27019.9,26.7,101355.8,17,26.9,47.5,556.7,3.1,26.7
829,2022-09-09 12:35:00,23673,26.7,101351,16.9,26.7,47.5,584,3,26.7
830,2022-09-09 12:40:00,25692.3,26.7,101347.4,17.1,26.7,47.9,496.3,2.9,26.7
831,2022-09-09 12:45:00,25446,26.8,101346.7,17,26.8,47.6,477.3,2.8,26.8
832,2022-09-09 12:50:00,27705,26.8,101345.1,17,26.8,47.5,435.9,2.7,26.8
833,2022-09-09 12:55:00,28185.8,26.8,101341.1,17,27,47.4,458.9,2.7,26.8
834,2022-09-09 13:00:00,27576.7,26.9,101335.9,17.1,27.2,47.7,420.3,2.6,26.9
835,2022-09-09 13:05:00,27736.1,27,101330.9,17.2,27.3,47.5,521.4,2.7,27
836,2022-09-09 13:10:00,26820.7,27,101326.6,17.1,27.3,47.1,510.1,2.7,27
837,2022-09-09 13:15:00,25192.7,27,101323.7,17.2,27.3,47.2,583.9,2.9,27
838,2022-09-09 13:20:00,25617.4,27.1,101318,17.2,27.3,46.9,553.9,2.8,27.1
839,2022-09-09 13:25:00,25403.4,27.3,101312.4,17.3,27.5,46.7,542.2,2.7,27.3
840,2022-09-09 13:30:00,25870.8,27.4,101304.3,17.2,27.6,46.1,521.5,2.6,27.4
841,2022-09-09 13:35:00,25205.7,27.4,101302,17.2,27.5,46.3,535.4,2.7,27.4
842,2022-09-09 13:40:00,24872,27.4,101297.1,17.2,27.6,45.9,498.9,2.5,27.4
843,2022-09-09 13:45:00,25786.1,27.5,101294.1,17.2,27.6,45.4,481.2,2.4,27.5
844,2022-09-09 13:50:00,24610,27.5,101294.6,17,27.6,45,456.9,2.3,27.5
845,2022-09-09 13:55:00,25892.9,27.5,101288.7,17.2,27.6,45.5,442.9,2.2,27.5
846,2022-09-09 14:00:00,24900.1,27.6,101286.4,17.2,27.7,45,444.4,2.2,27.6
847,2022-09-09 14:05:00,25151.8,27.6,101284.6,17.2,27.7,44.9,440.1,2.1,27.6
848,2022-09-09 14:10:00,24360.4,27.6,101283.1,17.2,27.6,44.9,432.5,2.1,27.6
849,2022-09-09 14:15:00,24297.9,27.6,101279.9,17.1,27.6,44.7,410.8,2,27.6
850,2022-09-09 14:20:00,24174.5,27.5,101277.2,17,27.5,44.6,397.4,1.9,27.5
851,2022-09-09 14:25:00,25388.1,27.5,101276.1,17.1,27.6,44.8,390.8,1.9,27.5
852,2022-09-09 14:30:00,24706.3,27.6,101270.6,17,27.6,44.2,379.9,1.8,27.6
853,2022-09-09 14:35:00,24372.3,27.5,101267.7,17,27.5,44.3,377.1,1.7,27.5
854,2022-09-09 14:40:00,25130.7,27.4,101265.7,16.9,27.4,44.5,377.9,1.7,27.4
855,2022-09-09 14:45:00,24082.3,27.3,101265.4,16.9,27.3,44.8,311.1,1.6,27.3
856,2022-09-09 14:50:00,24479.8,27.2,101262.1,16.8,27.2,44.7,347.5,1.6,27.2
857,2022-09-09 14:55:00,25486.5,27.3,101257.8,16.8,27.3,44.4,404.1,1.6,27.3
858,2022-09-09 15:00:00,26953.4,27.5,101253.7,16.8,27.4,43.9,387.2,1.4,27.5
859,2022-09-09 15:05:00,26277.9,27.6,101252.4,16.8,27.5,43.3,375,1.4,27.6
860,2022-09-09 15:10:00,26260.8,27.6,101252.8,16.7,27.6,43.3,404.9,1.3,27.6
861,2022-09-09 15:15:00,24479.9,27.7,101251.7,16.8,27.7,43.3,400.3,1.3,27.7
862,2022-09-09 15:20:00,23888.5,27.7,101249.6,16.8,27.7,43.1,386.7,1.2,27.7
863,2022-09-09 15:25:00,23295.1,27.6,101246.7,16.8,27.6,43.5,342.7,1.1,27.6
864,2022-09-09 15:30:00,23186.9,27.5,101246.3,16.7,27.5,43.7,290.5,1,27.5
865,2022-09-09 15:35:00,23759.1,27.3,101245.4,16.7,27.3,44.4,209.1,0.9,27.3
866,2022-09-09 15:40:00,25663.1,27.1,101240.4,16.7,27.2,44.8,217.8,0.8,27.1
867,2022-09-09 15:45:00,26295.7,27.1,101236.3,16.8,27.2,45.3,251.6,0.8,27.1
868,2022-09-09 15:50:00,25579.5,27.1,101234.1,16.9,27.3,45.6,244.5,0.8,27.1
869,2022-09-09 15:55:00,25700.3,27.2,101234.7,16.8,27.3,45.1,241.9,0.7,27.2
870,2022-09-09 16:00:00,25559.2,27.1,101231.4,16.7,27,45.1,231,0.7,27.1
871,2022-09-09 16:05:00,25242.1,26.9,101230,16.7,26.9,45.4,216.7,0.6,26.9
872,2022-09-09 16:10:00,25147.2,26.9,101228.2,16.8,26.8,45.9,195,0.6,26.9
873,2022-09-09 16:15:00,25137.3,26.8,101226.2,16.8,26.8,46.3,177,0.4,26.8
874,2022-09-09 16:20:00,25206.6,26.8,101227.3,16.9,26.8,46.5,160.5,0.2,26.8
875,2022-09-09 16:25:00,24956.6,26.7,101227.5,16.9,26.7,46.9,147.2,0.2,26.7
876,2022-09-09 16:30:00,25116.5,26.7,101227.7,16.9,26.6,47.2,135.5,0.2,26.7
877,2022-09-09 16:35:00,26985.7,26.7,101225.7,16.9,26.6,47.1,120.1,0.1,26.7
878,2022-09-09 16:40:00,25748.9,26.7,101225.9,16.9,26.6,47.1,102.2,0,26.7
879,2022-09-09 16:45:00,24795.3,26.6,101228.2,16.9,26.5,47.3,85.7,0,26.6
880,2022-09-09 16:50:00,25459.8,26.6,101228.2,17,26.5,47.8,72.1,0,26.6
881,2022-09-09 16:55:00,24467.3,26.5,101227.7,16.9,26.4,48.1,63.3,0,26.5
882,2022-09-09 17:00:00,24425.5,26.4,101227.3,16.9,26.3,48.3,51.9,0,26.4
883,2022-09-09 17:05:00,25004.8,26.2,101226.6,16.8,26.1,48.9,42.9,0,26.2
884,2022-09-09 17:10:00,25298.8,25.9,101228.2,16.8,25.9,49.7,33.2,0,25.9
885,2022-09-09 17:15:00,25125.1,25.7,101228.4,16.9,25.6,50.7,26.9,0,25.7
886,2022-09-09 17:20:00,25666.3,25.5,101228.9,16.9,25.4,51.7,21.4,0,25.5
887,2022-09-09 17:25:00,26113.3,25.2,101227.1,16.8,25.2,52.3,16,0,25.2
888,2022-09-09 17:30:00,25958.5,25.1,101226.8,16.7,25,52.3,11.7,0,25.1
889,2022-09-09 17:35:00,24427.1,24.8,101228.6,16.6,24.8,53,8.1,0,24.8
890,2022-09-09 17:40:00,24373.1,24.6,101230.5,16.7,24.5,54.4,4.8,0,24.6
891,2022-09-09 17:45:00,23827.6,24.3,101234.3,16.7,24.2,55.3,3.1,0,24.3
892,2022-09-09 17:50:00,24222.5,24.1,101239.5,16.6,24,55.7,1.8,0,24.1
893,2022-09-09 17:55:00,24626.5,23.9,101243.5,16.6,23.8,56.5,0.3,0,23.9
894,2022-09-09 18:00:00,23655.4,23.7,101246.9,16.6,23.6,57.5,0,0,23.7
895,2022-09-09 18:05:00,23437,23.5,101249.2,16.4,23.4,57.2,0,0,23.5
896,2022-09-09 18:10:00,24364.2,23.3,101257.1,16.4,23.2,57.8,0,0,23.3
897,2022-09-09 18:15:00,25882.2,23.2,101263.6,16.3,23.1,57.9,0,0,23.2
898,2022-09-09 18:20:00,24913.7,23,101269.5,16.1,22.9,58,0,0,23
899,2022-09-09 18:25:00,23473.7,23,101273.8,16.1,22.8,58.3,0,0,23
900,2022-09-09 18:30:00,24063.6,22.9,101278.1,16.1,22.8,58.7,0,0,22.9
901,2022-09-09 18:35:00,22778.5,22.8,101285.8,16,22.7,58.7,0,0,22.8
902,2022-09-09 18:40:00,22122.9,22.7,101290.3,16,22.6,58.9,0,0,22.7
903,2022-09-09 18:45:00,24015.2,22.6,101295.5,16,22.5,59.6,0,0,22.6
904,2022-09-09 18:50:00,22842.8,22.5,101297.7,16,22.3,60.1,0,0,22.5
905,2022-09-09 18:55:00,22747.8,22.3,101303.8,15.9,22.2,60.3,0,0,22.3
906,2022-09-09 19:00:00,24926.4,22.2,101309.5,16.1,22.1,61.7,0,0,22.2
907,2022-09-09 19:05:00,31317.3,22.1,101311.7,16.3,22,62.8,0,0,22.1
908,2022-09-09 19:10:00,30373.7,22,101317.1,16.3,22,63.3,0,0,22
909,2022-09-09 19:15:00,31928.4,22,101321.7,16.2,21.9,63.3,0,0,22
910,2022-09-09 19:20:00,29634.9,21.9,101326.2,16.2,21.8,63.5,0,0,21.9
911,2022-09-09 19:25:00,29560.9,21.7,101329.8,16.1,21.6,64,0,0,21.7
912,2022-09-09 19:30:00,29495.7,21.6,101335.2,16.1,21.5,64.5,0,0,21.6
913,2022-09-09 19:35:00,28220,21.5,101335.9,16.1,21.4,64.8,0,0,21.5
914,2022-09-09 19:40:00,28652.9,21.5,101338.6,16,21.4,64.6,0,0,21.5
915,2022-09-09 19:45:00,30718.3,21.5,101341.7,16,21.4,64.4,0,0,21.5
916,2022-09-09 19:50:00,31323.4,21.4,101342.4,15.9,21.3,64.1,0,0,21.4
917,2022-09-09 19:55:00,31646,21.4,101341.5,15.9,21.2,64.3,0,0,21.4
918,2022-09-09 20:00:00,31162.4,21.3,101344.7,15.9,21.2,64.8,0,0,21.3
919,2022-09-09 20:05:00,32249.9,21.2,101348.5,15.9,21.1,65.2,0,0,21.2
920,2022-09-09 20:10:00,31700,21.1,101351.9,15.9,21,65.7,0,0,21.1
921,2022-09-09 20:15:00,32279,21,101355.8,15.9,20.9,65.9,0,0,21
922,2022-09-09 20:20:00,32284.6,20.9,101355.5,15.8,20.8,66.1,0,0,20.9
923,2022-09-09 20:25:00,32266.3,20.8,101356.7,15.7,20.7,66.2,0,0,20.8
924,2022-09-09 20:30:00,32547.1,20.8,101359.8,15.7,20.6,66.1,0,0,20.8
925,2022-09-09 20:35:00,33870.5,20.8,101364.6,15.7,20.6,65.9,0,0,20.8
926,2022-09-09 20:40:00,34723.3,20.8,101368.8,15.6,20.6,65.9,0,0,20.8
927,2022-09-09 20:45:00,34815.9,20.7,101367.9,15.6,20.6,66.1,0,0,20.7
928,2022-09-09 20:50:00,34032.1,20.7,101372.2,15.6,20.5,66.3,0,0,20.7
929,2022-09-09 20:55:00,34686.5,20.6,101373.6,15.6,20.4,66.6,0,0,20.6
930,2022-09-09 21:00:00,35633.3,20.5,101374.3,15.4,20.3,66.4,0,0,20.5
931,2022-09-09 21:05:00,34221.9,20.5,101376.7,15.4,20.3,66.3,0,0,20.5
932,2022-09-09 21:10:00,33451.3,20.5,101379,15.4,20.3,66.3,0,0,20.5
933,2022-09-09 21:15:00,35054.4,20.4,101381.3,15.5,20.3,66.8,0,0,20.4
934,2022-09-09 21:20:00,33011.8,20.4,101383.5,15.4,20.2,66.7,0,0,20.4
935,2022-09-09 21:25:00,33112.2,20.4,101386.9,15.4,20.3,66.4,0,0,20.4
936,2022-09-09 21:30:00,33993.7,20.5,101390.7,15.5,20.3,66.5,0,0,20.5
937,2022-09-09 21:35:00,33689.8,20.5,101393,15.5,20.3,66.6,0,0,20.5
938,2022-09-09 21:40:00,34818.3,20.5,101395,15.5,20.3,66.7,0,0,20.5
939,2022-09-09 21:45:00,32968,20.5,101397.7,15.5,20.3,66.5,0,0,20.5
940,2022-09-09 21:50:00,32759.8,20.4,101397.5,15.5,20.3,66.8,0,0,20.4
941,2022-09-09 21:55:00,33369,20.4,101400.5,15.5,20.2,67.1,0,0,20.4
942,2022-09-09 22:00:00,35073.2,20.3,101398.9,15.5,20.2,67.3,0,0,20.3
943,2022-09-09 22:05:00,34562.3,20.2,101396.6,15.5,20.1,68,0,0,20.2
944,2022-09-09 22:10:00,34455.3,20.2,101398.6,15.5,20,68.2,0,0,20.2
945,2022-09-09 22:15:00,33964.5,20.1,101400.7,15.4,19.9,68.3,0,0,20.1
946,2022-09-09 22:20:00,33145.1,20,101400,15.4,19.9,68.7,0,0,20
947,2022-09-09 22:25:00,32161.3,19.9,101400.7,15.3,19.7,68.9,0,0,19.9
948,2022-09-09 22:30:00,31322.2,19.8,101404.1,15.3,19.6,69.4,0,0,19.8
949,2022-09-09 22:35:00,26173.7,19.7,101408.1,15.2,19.5,69.7,0,0,19.7
950,2022-09-09 22:40:00,26379.8,19.6,101407.7,15.2,19.4,70.1,0,0,19.6
951,2022-09-09 22:45:00,26186.5,19.5,101406.8,15.2,19.3,70.6,0,0,19.5
952,2022-09-09 22:50:00,25164.5,19.4,101404.5,15.2,19.3,70.7,0,0,19.4
953,2022-09-09 22:55:00,27012.6,19.4,101405,15.1,19.2,70.6,0,0,19.4
954,2022-09-09 23:00:00,30032.6,19.3,101405.6,15.1,19.2,70.8,0,0,19.3
955,2022-09-09 23:05:00,27506,19.3,101401.6,15.2,19.2,71.3,0,0,19.3
956,2022-09-09 23:10:00,28577.3,19.3,101402,15.2,19.1,71.5,0,0,19.3
957,2022-09-09 23:15:00,28038,19.2,101401.4,15.2,19.1,71.9,0,0,19.2
958,2022-09-09 23:20:00,26242.2,19.2,101402,15.2,19.1,72.1,0,0,19.2
959,2022-09-09 23:25:00,23483.9,19.2,101402.7,15.2,19,72.5,0,0,19.2
960,2022-09-09 23:30:00,20991,19.1,101401.6,15.2,19,72.8,0,0,19.1
961,2022-09-09 23:35:00,20121.4,19.1,101402.7,15.2,18.9,73.1,0,0,19.1
962,2022-09-09 23:40:00,19427.1,19,101400,15.2,18.9,73.3,0,0,19
963,2022-09-09 23:45:00,19840.8,19,101399.5,15.3,18.9,73.7,0,0,19
964,2022-09-09 23:50:00,19509.6,19,101397.1,15.2,18.8,73.7,0,0,19
965,2022-09-09 23:55:00,19098.3,18.9,101395.9,15.2,18.8,73.7,0,0,18.9
966,2022-09-10 0:00:00,20566.8,18.9,101393,15.2,18.8,73.7,0,0,18.9
967,2022-09-10 0:05:00,20298.5,18.9,101390.3,15.2,18.8,74,0,0,18.9
968,2022-09-10 0:10:00,21534.2,18.9,101389.6,15.2,18.8,74,0,0,18.9
969,2022-09-10 0:15:00,21987,18.9,101390.3,15.2,18.8,73.9,0,0,18.9
970,2022-09-10 0:20:00,21473.6,18.9,101390.3,15.1,18.7,73.7,0,0,18.9
971,2022-09-10 0:25:00,20971.8,18.8,101388.5,15.1,18.7,73.9,0,0,18.8
972,2022-09-10 0:30:00,19999.9,18.8,101387.8,15.2,18.7,74.2,0,0,18.8
973,2022-09-10 0:35:00,19162.4,18.8,101384.2,15.2,18.6,74.3,0,0,18.8
974,2022-09-10 0:40:00,19579.5,18.8,101381.7,15.1,18.6,74.3,0,0,18.8
975,2022-09-10 0:45:00,19472.7,18.7,101378.3,15.1,18.6,74.3,0,0,18.7
976,2022-09-10 0:50:00,19438.1,18.7,101378.6,15.1,18.6,74.3,0,0,18.7
977,2022-09-10 0:55:00,20114.5,18.7,101379.5,15.1,18.6,74.3,0,0,18.7
978,2022-09-10 1:00:00,19817.2,18.7,101378.8,15.1,18.6,74.3,0,0,18.7
979,2022-09-10 1:05:00,19050.9,18.7,101379.7,15.1,18.6,74.7,0,0,18.7
980,2022-09-10 1:10:00,18773,18.7,101380.4,15.1,18.5,74.7,0,0,18.7
981,2022-09-10 1:15:00,19242.8,18.7,101378.1,15.1,18.5,74.9,0,0,18.7
982,2022-09-10 1:20:00,18653.6,18.6,101375.8,15.1,18.5,75,0,0,18.6
983,2022-09-10 1:25:00,18560.4,18.6,101376.5,15.1,18.5,75,0,0,18.6
984,2022-09-10 1:30:00,19366.3,18.6,101376.3,15.1,18.5,75,0,0,18.6
985,2022-09-10 1:35:00,20749.9,18.6,101374.9,15.2,18.5,75.5,0,0,18.6
986,2022-09-10 1:40:00,19796.3,18.6,101374.5,15.1,18.5,75.4,0,0,18.6
987,2022-09-10 1:45:00,18556.1,18.6,101374.5,15.1,18.5,75.3,0,0,18.6
988,2022-09-10 1:50:00,18194.4,18.6,101372.5,15.1,18.5,75.3,0,0,18.6
989,2022-09-10 1:55:00,18045,18.6,101372.2,15.1,18.5,75.3,0,0,18.6
990,2022-09-10 2:00:00,18119.2,18.6,101370.4,15.1,18.4,75.3,0,0,18.6
991,2022-09-10 2:05:00,18528.3,18.5,101370.4,15.1,18.4,75.6,0,0,18.5
992,2022-09-10 2:10:00,18395.7,18.5,101367.7,15.1,18.4,75.4,0,0,18.5
993,2022-09-10 2:15:00,18372.8,18.5,101368.6,15.1,18.4,75.6,0,0,18.5
994,2022-09-10 2:20:00,18344.9,18.5,101366.6,15.1,18.3,75.7,0,0,18.5
995,2022-09-10 2:25:00,18382,18.5,101365.2,15.1,18.3,75.7,0,0,18.5
996,2022-09-10 2:30:00,18124.7,18.4,101365.9,15.1,18.3,75.8,0,0,18.4
997,2022-09-10 2:35:00,17688,18.4,101361.4,15.1,18.3,76.1,0,0,18.4
998,2022-09-10 2:40:00,17959.6,18.4,101357.6,15.1,18.3,76.3,0,0,18.4
999,2022-09-10 2:45:00,17968.9,18.4,101355.3,15.1,18.3,76.6,0,0,18.4
